"has_cause","has_value","flaw_id","id","material_id","standard_id","struct_elem_id","template","id","name","description"
false,true,1,1,,1,1,Отклонение дверного блока от вертикали и горизонтали {{ЗНАЧЕНИЕ}} мм на 1м (причина возникновения: производство),1,ГОСТ 31173-2016 г. 6,"не должно превышать 1,5 мм на 1 м длины, но не более 3 мм на высоту изделия"
false,true,2,2,,2,1,Зазоры в местах неподвижных соединений элементов дверных блоков более {{ЗНАЧЕНИЕ}} мм (причина возникновения: производство),2,ГОСТ 475-2016 п. 5.3.7,"не более 0,3 мм"
true,false,3,3,,3,1,"Царапины, сколы (механические повреждения) (причина возникновения: {{ПРИЧИНА}})",3,ГОСТ 31173-2016 п. 5.3.11,
false,false,5,4,,3,1,"Следы краски, герметика, клея (причина возникновения: производство)",3,ГОСТ 31173-2016 п. 5.3.11,
false,false,8,5,,4,1,Ненадлежащая установка уплотняющих прокладок (причина возникновения: производство),4,ГОСТ 31173-2016 п.5.1.8,
false,false,4,6,,3,1,Деформация полотна входной двери (причина возникновения: производство),3,ГОСТ 31173-2016 п. 5.3.11,
false,false,6,7,,38,1,Затрудненное открывание/закрывание двери (причина возникновения: производство),38,ГОСТ 31173-2016 п. 5.3.9,
false,true,1,8,,5,2,Отклонение дверного полотна/коробки от плоскостности/прямолинейности {{ЗНАЧЕНИЕ}} мм на 1м (причина возникновения: производство),5,ГОСТ 475-2016 п.5.3.4,св. 1600 до 2500 мм не более 2мм
false,false,6,9,,6,2,Затрудненное открывание/закрывание двери (причина возникновения: производство),6,ГОСТ 475-2016 п. 5.4.2,
false,true,2,10,,2,2,Зазоры в местах неподвижных соединений элементов дверных блоков более {{ЗНАЧЕНИЕ}} мм (причина возникновения: производство),2,ГОСТ 475-2016 п. 5.3.7,"не более 0,3 мм"
true,false,3,11,,7,2,"Царапины, сколы (механические повреждения) (причина возникновения: {{ПРИЧИНА}})",7,"ГОСТ 475-2016 п. 5.6.4, п. 5.6.7",
false,false,5,12,,8,2,"Следы краски, герметика, клея (причина возникновения: производство)",8,"ГОСТ 475-2016 п. 5.4.8, п. 5.6.7",
false,false,8,13,,9,2,Ненадежное соединение с сопрягаемыми элементами проема и конструкции дверного блока (причина возникновения: производство),9,ГОСТ 475-2016 п.5.4.8,наличие дефекта не допускается
false,false,8,14,,9,2,Ненадлежащая установка наличника дверного блока (причина возникновения: производство),9,ГОСТ 475-2016 п.5.4.8,наличие дефекта не допускается
true,false,4,15,,2,2,Деформация полотна дверного блока (причина возникновения: {{ПРИЧИНА}}),2,ГОСТ 475-2016 п. 5.3.7,"не более 0,3 мм"
false,false,7,16,,11,3,Отличия по цвету (причина возникновения: производство),11,СП 71.13330.2017 п. 7.5.5 Таблица 7.7,наличие дефекта не допускается
true,false,3,17,,10,3,"Царапины, сколы (механические повреждения) (причина возникновения: {{ПРИЧИНА}})",10,"ГОСТ 31311-2005 п. 5.5, п. 5.6",
false,false,13,18,,11,3,"Неравномерное окрашивание труб, с видимыми участками непрокраса, брызгами, потеками, полосами, следами от кисти (причина возникновения: производство)",11,СП 71.13330.2017 п. 7.5.5 Таблица 7.7,наличие дефекта не допускается
false,false,5,19,1,12,4,"Загрязнение материалами, использованными при монтаже (причина возникновения: производство)",12,ТР 114-01 п. 7.7,наличие дефекта не допускается
true,false,14,20,1,13,4,Наличие на покрытии пола вздутия (причина возникновения: {{ПРИЧИНА}}),13,СП 71.13330.2017 Табл.8.15,наличие дефекта не допускается
false,false,16,21,1,13,4,Приподнятые кромки покрытия (причина возникновения: производство),13,СП 71.13330.2017 Табл.8.15,наличие дефекта не допускается
false,true,2,22,1,18,4,Зазоры между досками более {{ЗНАЧЕНИЕ}} мм (причина возникновения: производство),18,ТР 114-01 п. 7.1,"не более 0,3 мм"
false,false,8,23,1,13,4,Короткая подрезка ламината (причина возникновения: производство),13,СП 71.13330.2017 Табл.8.15,наличие дефекта не допускается
false,false,2,24,1,19,4,Просвет (провес) между соседними досками при измерении 2-метровой рейкой (причина возникновения: производство),19,ТР 114-01 п. 7.2,наличие дефекта не допускается
false,false,2,25,1,13,4,Зазор между плинтусом и покрытием пола (причина возникновения: производство),13,СП 71.13330.2017 Табл.8.15,наличие дефекта не допускается
true,false,6,26,1,13,4,Механические повреждения (причина возникновения: {{ПРИЧИНА}}),13,СП 71.13330.2017 Табл.8.15,наличие дефекта не допускается
false,false,7,27,1,13,4,Локальное изменение цвета покрытия (причина возникновения: производство),13,СП 71.13330.2017 Табл.8.15,наличие дефекта не допускается
false,false,9,28,2,13,4,Изменение характера звучания плитки при простукивании (причина возникновения: производство),13,СП 71.13330.2017 Табл.8.15,наличие дефекта не допускается
false,true,16,29,2,13,4,Уступы между смежными изделиями покрытий из штучных материалов более {{ЗНАЧЕНИЕ}} мм (причина возникновения: производство),13,СП 71.13330.2017 Табл.8.15,наличие дефекта не допускается
false,false,16,30,2,15,4,Неравномерные швы между плитками (причина возникновения: производство),15,СП 71.13330.2017 п.7.4.13,наличие дефекта не допускается
false,true,16,31,2,16,4,Неравномерная ширина швов на {{ЗНАЧЕНИЕ}} мм (причина возникновения: производство),16,СП 71.13330.2017 п. 7.4.17,"не более ±0,5 мм"
true,false,6,32,2,16,4,Механические повреждения (причина возникновения: {{ПРИЧИНА}}),16,СП 71.13330.2017 п. 7.4.17,"не более ±0,5 мм"
false,true,1,33,9,17,4,Отклонения от заданного уклона покрытий при измерении 2-метровой рейкой {{ЗНАЧЕНИЕ}} мм на 1м (причина возникновения: производство),17,СП 71.13330.2017 Табл. 8.15,"не более 0,2% соответствующего размера помещения, но не более 10 мм"
false,false,8,34,9,20,4,Некачественное выполнение работ по стяжке пола (причина возникновения: производство),20,СП 71.13330.2017 Табл. 8.2,наличие дефекта не допускается
false,true,1,35,2,16,5,Отклонение от вертикали {{ЗНАЧЕНИЕ}} мм на 1м (причина возникновения: производство),16,СП 71.13330.2017 п. 7.4.17,"не более ±0,5 мм"
false,true,16,36,2,16,5,Неравномерная ширина швов на {{ЗНАЧЕНИЕ}} мм (причина возникновения: производство),16,СП 71.13330.2017 п. 7.4.17,"не более ±0,5 мм"
true,false,6,37,2,16,5,Механические повреждения (причина возникновения: {{ПРИЧИНА}}),16,СП 71.13330.2017 п. 7.4.17,"не более ±0,5 мм"
false,true,1,38,5,21,5,Отклонение от вертикали {{ЗНАЧЕНИЕ}} мм на 1м (причина возникновения: производство),21,СП 71.13330.2017 Табл. 7.4,не более 2 мм
false,false,13,39,5,11,5,"Полосы, пятна, подтеки, брызги (причина возникновения: производство)",11,СП 71.13330.2017 п. 7.5.5 Таблица 7.7,наличие дефекта не допускается
false,false,5,40,5,11,5,Меление поверхности (причина возникновения: производство),11,СП 71.13330.2017 п. 7.5.5 Таблица 7.7,наличие дефекта не допускается
false,false,8,41,5,11,5,Исправления выделяющиеся на общем фоне (причина возникновения: производство),11,СП 71.13330.2017 п. 7.5.5 Таблица 7.7,наличие дефекта не допускается
false,false,10,42,5,11,5,Трещины (причина возникновения: производство),11,СП 71.13330.2017 п. 7.5.5 Таблица 7.7,наличие дефекта не допускается
false,false,11,43,5,11,5,Видимые утолщения (причина возникновения: производство),11,СП 71.13330.2017 п. 7.5.5 Таблица 7.7,наличие дефекта не допускается
false,true,1,44,6,21,5,Отклонение от вертикали {{ЗНАЧЕНИЕ}} мм на 1м (причина возникновения: производство),21,СП 71.13330.2017 Табл. 7.4,не более 2 мм
false,false,5,45,6,30,5,"Наличие пятен, следов использованных материалов и загрязнений (причина возникновения: производство)",30,СП 71.13330.2017 п. 7.6.15,наличие дефекта не допускается
false,false,14,46,6,30,5,"Наличие воздушных пузырей, замятин, доклеек и отслоения (причина возникновения: производство)",30,СП 71.13330.2017 п. 7.6.15,наличие дефекта не допускается
false,false,10,47,5,11,6,Трещины (причина возникновения: производство),11,СП 71.13330.2017 п. 7.5.5 Таблица 7.7,наличие дефекта не допускается
false,false,11,48,5,11,6,Видимые утолщения (причина возникновения: производство),11,СП 71.13330.2017 п. 7.5.5 Таблица 7.7,наличие дефекта не допускается
false,false,13,49,5,11,6,Следы от инструмента (полосы) (причина возникновения: производство),11,СП 71.13330.2017 п. 7.5.5 Таблица 7.7,наличие дефекта не допускается
false,false,13,50,5,11,6,"Полосы, пятна, подтеки, брызги (причина возникновения: производство)",11,СП 71.13330.2017 п. 7.5.5 Таблица 7.7,наличие дефекта не допускается
false,false,7,51,5,11,6,Отличия по цвету (причина возникновения: производство),11,СП 71.13330.2017 п. 7.5.5 Таблица 7.7,наличие дефекта не допускается
false,false,16,52,7,31,6,"Неровности поверхности натяжного полотна, складки (причина возникновения: производство)",31,СП 71.13330.2017 п. 7.8.2,наличие дефекта не допускается
true,false,10,53,7,31,6,"Разрывы, трещины (причина возникновения: {{ПРИЧИНА}})",31,СП 71.13330.2017 п. 7.8.2,наличие дефекта не допускается
false,false,2,54,7,31,6,Щели между стенами и потолком (причина возникновения: производство),31,СП 71.13330.2017 п. 7.8.2,наличие дефекта не допускается
false,false,2,55,7,32,6,"Разрезы в месте прохода труб отопления, щели в местах установки светильников, вентиляционных решеток (причина возникновения: производство)",32,СП 71.13330.2017 п. 7.8.3,наличие дефекта не допускается
false,false,15,56,7,33,6,Отслоение декоративного молдинга натяжного потолка (причина возникновения: производство),33,ГОСТ Р 59690-2021,наличие дефекта не допускается
false,false,7,57,7,31,6,"Неоднородный цвет, следы и отпечатки использованных материалов (причина возникновения: производство)",31,СП 71.13330.2017 п. 7.8.2,наличие дефекта не допускается
false,false,13,58,8,11,6,Следы от инструмента (полосы) (причина возникновения: производство),11,СП 71.13330.2017 п. 7.5.5 Таблица 7.7,наличие дефекта не допускается
false,false,7,59,8,11,6,Отличия по цвету (причина возникновения: производство),11,СП 71.13330.2017 п. 7.5.5 Таблица 7.7,наличие дефекта не допускается
false,false,13,60,8,11,6,"Полосы, пятна, подтеки, брызги (причина возникновения: производство)",11,СП 71.13330.2017 п. 7.5.5 Таблица 7.7,наличие дефекта не допускается
true,false,6,61,3,22,7,Механические повреждения ПВХ профиля (причина возникновения: {{ПРИЧИНА}}),22,ГОСТ 30674-23 п.5.4.7,
true,false,3,62,3,22,7,"Сколы, царапины (механические повреждения) стеклопакета (причина возникновения: {{ПРИЧИНА}})",22,ГОСТ 30674-23 п.5.4.7,
false,true,2,63,3,22,7,Негерметичность импостных и угловых соединений профиля оконного блока более {{ЗНАЧЕНИЕ}} мм (причина возникновения: производство),22,ГОСТ 30674-23 п.5.4.7,
false,false,5,64,3,22,7,Следы краски (причина возникновения: производство),22,ГОСТ 30674-23 п.5.4.7,
false,false,6,65,3,37,7,Затрудненное открывание/закрывание створки оконных блоков (причина возникновения: производство),37,ГОСТ 30674-23 п. 5.7.11,наличие дефекта не допускается
false,false,8,66,3,34,7,Дефект монтажа подоконника (причина возникновения: производство),34,ГОСТ 30971-2012 Г.2.3,
false,false,2,67,3,35,7,Негерметичность узлов примыкания по периметру оконных блоков (причина возникновения: производство),35,ГОСТ 30971-2012 п.5.1.2,наличие дефекта не допускается
false,false,6,68,3,37,7,"Выпирание, повреждение уплотняющих прокладок (причина возникновения: производство)",37,ГОСТ 30674-23 п. 5.7.11,наличие дефекта не допускается
false,true,1,69,3,23,7,Отклонение от вертикали профиля оконного блока {{ЗНАЧЕНИЕ}} мм на 1м (причина возникновения: производство),23,ГОСТ 34378-2018 прил. Л,"не должно превышать 1,5 мм на 1 пог.м, но не более 3,0 мм на всю длину изделия"
false,false,6,70,4,24,7,Затруднение в открывании/закрывании створки (причина возникновения: производство),24,ГОСТ 21519-2022 п.8.3,
true,false,6,71,4,25,7,Механические повреждения алюминиевого профиля (причина возникновения: {{ПРИЧИНА}}),25,ГОСТ 22233-2018 п. 5.3.2,
true,false,3,72,4,26,7,"Сколы, царапины (механические повреждения) стеклопакета (причина возникновения: {{ПРИЧИНА}})",26,ГОСТ 24866-2014 п. 7.7,
false,true,2,73,4,27,7,Зазоры в местах угловых и Т-образных соединений профилей более {{ЗНАЧЕНИЕ}} мм (причина возникновения: производство),27,ГОСТ 21519-2022 п. 5.3.8,"не более 0,5 мм"
false,false,12,74,4,28,7,Следы коррозии на металлических элементах (причина возникновения: производство),28,ГОСТ 21519-2022 п.5.2.23,
false,false,7,75,4,29,7,"Следы краски, отличия по цвету (причина возникновения: производство)",29,ГОСТ 21519-2022 п.5.2.25,
false,false,2,76,4,35,7,Негерметичность узлов примыкания по периметру оконных блоков (причина возникновения: производство),35,ГОСТ 30971-2012 п.5.1.2,наличие дефекта не допускается
false,false,6,77,4,36,7,"Выпирание, повреждение уплотняющих прокладок (причина возникновения: производство)",36,ГОСТ 30778-2001 п. 4.2.6,наличие дефекта не допускается
false,true,1,78,4,23,7,Отклонение от вертикали профиля оконного блока {{ЗНАЧЕНИЕ}} мм на 1м (причина возникновения: производство),23,ГОСТ 34378-2018 прил. Л,"не должно превышать 1,5 мм на 1 пог.м, но не более 3,0 мм на всю длину изделия"
false,false,,102,52,52,52,Коррозия выпусков арматурных стержней,52,ГОСТ Р 57997-2017,"Национальный стандарт Российской Федерации. Арматурные и закладные изделия сварные, соединения сварные арматуры и закладных изделий железобетонных конструкций. Общие технические условия (утв. и введен в действие Приказом Росстандарта от 24.11.2017 № 1835-ст)
Пункт: 5.6"
false,false,,103,52,53,52,Обнажение стальных закладных изделий без антикоррозионной обработки,53,СП 70.13330.2012,"Свод правил. Несущие и ограждающие конструкции. Актуализированная редакция СНиП 3.03.01-87 (утв. Приказом Госстроя от 25.12.2012 № 109/ГС) (ред. от 30.12.2020)
Приложение Х"
false,false,,104,52,54,52,Недостаточная толщина защитного слоя бетона,54,СП 63.13330.2018,"Свод правил. Бетонные и железобетонные конструкции. Основные положения. СНиП 52-01-2003 (утв. и введен в действие Приказом Минстрой России от 19.12.2018 № 832/пр) (ред. от 20.12.2021)
Пункт: 10.3.2"
false,false,,105,52,55,52,Трещины в бетоне (превышение допустимой ширины раскрытия трещин),55,СП 70.13330.2012,"Свод правил. Несущие и ограждающие конструкции. Актуализированная редакция СНиП 3.03.01-87 (утв. Приказом Госстроя от 25.12.2012 № 109/ГС) (ред. от 30.12.2020)
Приложение Х"
false,false,,106,52,56,52,"Нарушение целостности бетона (раковины, пустоты, расслоения)",56,СП 70.13330.2012,"Свод правил. Несущие и ограждающие конструкции. Актуализированная редакция СНиП 3.03.01-87 (утв. Приказом Госстроя от 25.12.2012 № 109/ГС) (ред. от 30.12.2020)
Приложение Х"
false,false,,107,52,57,52,Разрушение граней монолита,57,СП 70.13330.2012,"Свод правил. Несущие и ограждающие конструкции. Актуализированная редакция СНиП 3.03.01-87 (утв. Приказом Госстроя от 25.12.2012 № 109/ГС) (ред. от 30.12.2020)
Пункт: 7.4.10"
false,false,,108,52,58,52,Несоответствие прочности бетона проектным требованиям,58,СП 70.13330.2012,"Свод правил. Несущие и ограждающие конструкции. Актуализированная редакция СНиП 3.03.01-87 (утв. Приказом Госстроя от 25.12.2012 № 109/ГС) (ред. от 30.12.2020)
Пункт: 5.2.4"
false,false,,109,52,59,52,Нарушение устройства обмазочной гидроизоляции фундамента,59,СП 71.13330.2017,"Свод правил. Изоляционные и отделочные покрытия. Актуализированная редакция СНиП 3.04.01-87 (утв. Приказом Минстроя России от 27.02.2017 № 128/пр) (ред. от 17.12.2021)
Пункт: 5.5.1"
false,false,,110,52,60,52,Нарушение технологии устройства рулонной гидроизоляции,60,СП 71.13330.2017,"Свод правил. Изоляционные и отделочные покрытия. Актуализированная редакция СНиП 3.04.01-87 (утв. Приказом Минстроя России от 27.02.2017 № 128/пр) (ред. от 17.12.2021)
Пункт: 8.6.4"
false,false,,111,52,61,52,Нарушение технологии устройства рулонной гидроизоляции,61,СП 45.13330.2017,"Свод правил. Земляные сооружения, основания и фундаменты. Актуализированная редакция СНиП 3.02.01-87"" (утв. и введен в действие Приказом Минстроя России от 27.02.2017 № 125/пр) (ред. от 16.12.2021)
Пункт: 15.5"
false,false,,112,52,62,52,"Неравномерная осадка фундамента (перекосы, трещины в стенах)",62,СП 22.13330.2016,"Свод правил. Основания зданий и сооружений. Актуализированная редакция СНиП 2.02.01-83* (утв. Приказом Минстроя России от 16.12.2016 № 970/пр) (ред. от 27.12.2021)
Пункт: 5.1.5-5.1.6"
false,false,,113,52,63,52,Просадка фундамента,63,СП 70.13330.2012,"Свод правил. Несущие и ограждающие конструкции. Актуализированная редакция СНиП 3.03.01-87 (утв. Приказом Госстроя от 25.12.2012 № 109/ГС) (ред. от 30.12.2020)
Пункт: 3.16"
false,false,,114,52,64,52,"Неправильное армирование (нарушение шага, диаметра стержней)",64,СП 70.13330.2012,"Свод правил. Несущие и ограждающие конструкции. Актуализированная редакция СНиП 3.03.01-87 (утв. Приказом Госстроя от 25.12.2012 № 109/ГС) (ред. от 30.12.2020)
Пункт: 5.16.12
Таблица: 5.10"
false,false,,115,52,65,52,"Нарушение условий бетонирования (холодные швы, недостаточное уплотнение)",65,СП 70.13330.2012,"Свод правил. Несущие и ограждающие конструкции. Актуализированная редакция СНиП 3.03.01-87 (утв. Приказом Госстроя от 25.12.2012 № 109/ГС) (ред. от 30.12.2020)
Приложение Х"
false,false,,116,52,66,52,Нарушение технологии укладки бетонной смеси,66,СП 70.13330.2012,"Свод правил. Несущие и ограждающие конструкции. Актуализированная редакция СНиП 3.03.01-87 (утв. Приказом Госстроя от 25.12.2012 № 109/ГС) (ред. от 30.12.2020)
Приложение Х"
false,false,,117,52,67,52,Нарушение технологии устройства опалубки,67,СП 435.1325800.2018,"Свод правил. Конструкции бетонные и железобетонные монолитные. Правила производства и приемки работ (утв. и введен в действие Приказом Минстроя России от 26.11.2018 № 746/пр)
Пункт: 8.2"
false,false,,118,52,68,52,Наплывы на бетонной поверхности,68,СП 70.13330.2012,"Свод правил. Несущие и ограждающие конструкции. Актуализированная редакция СНиП 3.03.01-87 (утв. Приказом Госстроя от 25.12.2012 № 109/ГС) (ред. от 30.12.2020)
Приложение Х"
false,false,,119,53,69,52,Коррозия выпусков арматурных стержней,69,ГОСТ Р 57997-2017,"Национальный стандарт Российской Федерации. Арматурные и закладные изделия сварные, соединения сварные арматуры и закладных изделий железобетонных конструкций. Общие технические условия (утв. и введен в действие Приказом Росстандарта от 24.11.2017 № 1835-ст)
Пункт: 5.6"
false,false,,120,53,70,52,Обнажение стальных закладных изделий без антикоррозионной обработки,70,СП 70.13330.2012,"Свод правил. Несущие и ограждающие конструкции. Актуализированная редакция СНиП 3.03.01-87 (утв. Приказом Госстроя от 25.12.2012 № 109/ГС) (ред. от 30.12.2020)
Приложение Х"
false,false,,121,53,71,52,Недостаточная толщина защитного слоя бетона,71,СП 63.13330.2018,"Свод правил. Бетонные и железобетонные конструкции. Основные положения. СНиП 52-01-2003 (утв. и введен в действие Приказом Минстрой России от 19.12.2018 № 832/пр) (ред. от 20.12.2021)
Пункт: 10.3.2"
false,false,,122,53,72,52,Трещины в бетоне (превышение допустимой ширины раскрытия трещин),72,СП 70.13330.2012,"Свод правил. Несущие и ограждающие конструкции. Актуализированная редакция СНиП 3.03.01-87 (утв. Приказом Госстроя от 25.12.2012 № 109/ГС) (ред. от 30.12.2020)
Приложение Х"
false,false,,123,53,73,52,"Нарушение целостности бетона (раковины, пустоты, расслоения)",73,СП 70.13330.2012,"Свод правил. Несущие и ограждающие конструкции. Актуализированная редакция СНиП 3.03.01-87 (утв. Приказом Госстроя от 25.12.2012 № 109/ГС) (ред. от 30.12.2020)
Приложение Х"
false,false,,124,53,74,52,Разрушение граней монолита,74,СП 70.13330.2012,"Свод правил. Несущие и ограждающие конструкции. Актуализированная редакция СНиП 3.03.01-87 (утв. Приказом Госстроя от 25.12.2012 № 109/ГС) (ред. от 30.12.2020)
Пункт: 7.4.10"
false,false,,125,53,75,52,Несоответствие прочности бетона проектным требованиям,75,СП 70.13330.2012,"Свод правил. Несущие и ограждающие конструкции. Актуализированная редакция СНиП 3.03.01-87 (утв. Приказом Госстроя от 25.12.2012 № 109/ГС) (ред. от 30.12.2020)
Пункт: 5.2.4"
false,false,,126,53,76,52,Нарушение устройства обмазочной гидроизоляции фундамента,76,СП 71.13330.2017,"Свод правил. Изоляционные и отделочные покрытия. Актуализированная редакция СНиП 3.04.01-87 (утв. Приказом Минстроя России от 27.02.2017 № 128/пр) (ред. от 17.12.2021)
Пункт: 5.5.1"
false,false,,127,53,77,52,Нарушение технологии устройства рулонной гидроизоляции,77,СП 71.13330.2017,"Свод правил. Изоляционные и отделочные покрытия. Актуализированная редакция СНиП 3.04.01-87 (утв. Приказом Минстроя России от 27.02.2017 № 128/пр) (ред. от 17.12.2021)
Пункт: 8.6.4"
false,false,,128,53,78,52,Нарушение технологии устройства рулонной гидроизоляции,78,СП 45.13330.2017,"Свод правил. Земляные сооружения, основания и фундаменты. Актуализированная редакция СНиП 3.02.01-87"" (утв. и введен в действие Приказом Минстроя России от 27.02.2017 № 125/пр) (ред. от 16.12.2021)
Пункт: 15.5"
false,false,,129,53,79,52,"Неравномерная осадка фундамента (перекосы, трещины в стенах)",79,СП 22.13330.2016,"Свод правил. Основания зданий и сооружений. Актуализированная редакция СНиП 2.02.01-83* (утв. Приказом Минстроя России от 16.12.2016 № 970/пр) (ред. от 27.12.2021)
Пункт: 5.1.5-5.1.6"
false,false,,130,53,80,52,Просадка фундамента,80,СП 70.13330.2012,"Свод правил. Несущие и ограждающие конструкции. Актуализированная редакция СНиП 3.03.01-87 (утв. Приказом Госстроя от 25.12.2012 № 109/ГС) (ред. от 30.12.2020)
Пункт: 3.16"
false,false,,131,53,81,52,"Неправильное армирование (нарушение шага, диаметра стержней)",81,СП 70.13330.2012,"Свод правил. Несущие и ограждающие конструкции. Актуализированная редакция СНиП 3.03.01-87 (утв. Приказом Госстроя от 25.12.2012 № 109/ГС) (ред. от 30.12.2020)
Пункт: 5.16.12
Таблица: 5.10"
false,false,,132,53,82,52,"Нарушение условий бетонирования (холодные швы, недостаточное уплотнение)",82,СП 70.13330.2012,"Свод правил. Несущие и ограждающие конструкции. Актуализированная редакция СНиП 3.03.01-87 (утв. Приказом Госстроя от 25.12.2012 № 109/ГС) (ред. от 30.12.2020)
Приложение Х"
false,false,,133,53,83,52,Нарушение технологии укладки бетонной смеси,83,СП 70.13330.2012,"Свод правил. Несущие и ограждающие конструкции. Актуализированная редакция СНиП 3.03.01-87 (утв. Приказом Госстроя от 25.12.2012 № 109/ГС) (ред. от 30.12.2020)
Приложение Х"
false,false,,134,53,84,52,Нарушение технологии устройства опалубки,84,СП 435.1325800.2018,"Свод правил. Конструкции бетонные и железобетонные монолитные. Правила производства и приемки работ (утв. и введен в действие Приказом Минстроя России от 26.11.2018 № 746/пр)
Пункт: 8.2"
false,false,,135,53,85,52,Наплывы на бетонной поверхности,85,СП 70.13330.2012,"Свод правил. Несущие и ограждающие конструкции. Актуализированная редакция СНиП 3.03.01-87 (утв. Приказом Госстроя от 25.12.2012 № 109/ГС) (ред. от 30.12.2020)
Приложение Х"
false,false,,136,54,86,52,Коррозия выпусков арматурных стержней,86,ГОСТ Р 57997-2017,"Национальный стандарт Российской Федерации. Арматурные и закладные изделия сварные, соединения сварные арматуры и закладных изделий железобетонных конструкций. Общие технические условия (утв. и введен в действие Приказом Росстандарта от 24.11.2017 № 1835-ст)
Пункт: 5.6"
false,false,,137,54,87,52,Обнажение стальных закладных изделий без антикоррозионной обработки,87,СП 70.13330.2012,"Свод правил. Несущие и ограждающие конструкции. Актуализированная редакция СНиП 3.03.01-87 (утв. Приказом Госстроя от 25.12.2012 № 109/ГС) (ред. от 30.12.2020)
Приложение Х"
false,false,,138,54,88,52,Недостаточная толщина защитного слоя бетона,88,СП 63.13330.2018,"Свод правил. Бетонные и железобетонные конструкции. Основные положения. СНиП 52-01-2003 (утв. и введен в действие Приказом Минстрой России от 19.12.2018 № 832/пр) (ред. от 20.12.2021)
Пункт: 10.3.2"
false,false,,139,54,89,52,Трещины в бетоне (превышение допустимой ширины раскрытия трещин),89,СП 70.13330.2012,"Свод правил. Несущие и ограждающие конструкции. Актуализированная редакция СНиП 3.03.01-87 (утв. Приказом Госстроя от 25.12.2012 № 109/ГС) (ред. от 30.12.2020)
Приложение Х"
false,false,,140,54,90,52,"Нарушение целостности бетона (раковины, пустоты, расслоения)",90,СП 70.13330.2012,"Свод правил. Несущие и ограждающие конструкции. Актуализированная редакция СНиП 3.03.01-87 (утв. Приказом Госстроя от 25.12.2012 № 109/ГС) (ред. от 30.12.2020)
Приложение Х"
false,false,,141,54,91,52,Разрушение граней монолита,91,СП 70.13330.2012,"Свод правил. Несущие и ограждающие конструкции. Актуализированная редакция СНиП 3.03.01-87 (утв. Приказом Госстроя от 25.12.2012 № 109/ГС) (ред. от 30.12.2020)
Пункт: 7.4.10"
false,false,,142,54,92,52,Несоответствие прочности бетона проектным требованиям,92,СП 70.13330.2012,"Свод правил. Несущие и ограждающие конструкции. Актуализированная редакция СНиП 3.03.01-87 (утв. Приказом Госстроя от 25.12.2012 № 109/ГС) (ред. от 30.12.2020)
Пункт: 5.2.4"
false,false,,143,54,93,52,Нарушение устройства обмазочной гидроизоляции фундамента,93,СП 71.13330.2017,"Свод правил. Изоляционные и отделочные покрытия. Актуализированная редакция СНиП 3.04.01-87 (утв. Приказом Минстроя России от 27.02.2017 № 128/пр) (ред. от 17.12.2021)
Пункт: 5.5.1"
false,false,,144,54,94,52,Нарушение технологии устройства рулонной гидроизоляции,94,СП 71.13330.2017,"Свод правил. Изоляционные и отделочные покрытия. Актуализированная редакция СНиП 3.04.01-87 (утв. Приказом Минстроя России от 27.02.2017 № 128/пр) (ред. от 17.12.2021)
Пункт: 8.6.4"
false,false,,145,54,95,52,Нарушение технологии устройства рулонной гидроизоляции,95,СП 45.13330.2017,"Свод правил. Земляные сооружения, основания и фундаменты. Актуализированная редакция СНиП 3.02.01-87"" (утв. и введен в действие Приказом Минстроя России от 27.02.2017 № 125/пр) (ред. от 16.12.2021)
Пункт: 15.5"
false,false,,146,54,96,52,"Неравномерная осадка фундамента (перекосы, трещины в стенах)",96,СП 22.13330.2016,"Свод правил. Основания зданий и сооружений. Актуализированная редакция СНиП 2.02.01-83* (утв. Приказом Минстроя России от 16.12.2016 № 970/пр) (ред. от 27.12.2021)
Пункт: 5.1.5-5.1.6"
false,false,,147,54,97,52,Просадка фундамента,97,СП 70.13330.2012,"Свод правил. Несущие и ограждающие конструкции. Актуализированная редакция СНиП 3.03.01-87 (утв. Приказом Госстроя от 25.12.2012 № 109/ГС) (ред. от 30.12.2020)
Пункт: 3.16"
false,false,,148,54,98,52,"Неправильное армирование (нарушение шага, диаметра стержней)",98,СП 70.13330.2012,"Свод правил. Несущие и ограждающие конструкции. Актуализированная редакция СНиП 3.03.01-87 (утв. Приказом Госстроя от 25.12.2012 № 109/ГС) (ред. от 30.12.2020)
Пункт: 5.16.12
Таблица: 5.10"
false,false,,149,54,99,52,"Нарушение условий бетонирования (холодные швы, недостаточное уплотнение)",99,СП 70.13330.2012,"Свод правил. Несущие и ограждающие конструкции. Актуализированная редакция СНиП 3.03.01-87 (утв. Приказом Госстроя от 25.12.2012 № 109/ГС) (ред. от 30.12.2020)
Приложение Х"
false,false,,150,54,100,52,Нарушение технологии укладки бетонной смеси,100,СП 70.13330.2012,"Свод правил. Несущие и ограждающие конструкции. Актуализированная редакция СНиП 3.03.01-87 (утв. Приказом Госстроя от 25.12.2012 № 109/ГС) (ред. от 30.12.2020)
Приложение Х"
false,false,,151,54,101,52,Нарушение технологии устройства опалубки,101,СП 435.1325800.2018,"Свод правил. Конструкции бетонные и железобетонные монолитные. Правила производства и приемки работ (утв. и введен в действие Приказом Минстроя России от 26.11.2018 № 746/пр)
Пункт: 8.2"
false,false,,152,54,102,52,Наплывы на бетонной поверхности,102,СП 70.13330.2012,"Свод правил. Несущие и ограждающие конструкции. Актуализированная редакция СНиП 3.03.01-87 (утв. Приказом Госстроя от 25.12.2012 № 109/ГС) (ред. от 30.12.2020)
Приложение Х"
false,false,,153,55,103,52,Трещины в теле сваи,103,СП 70.13330.2012,"Свод правил. Несущие и ограждающие конструкции. Актуализированная редакция СНиП 3.03.01-87 (утв. Приказом Госстроя от 25.12.2012 № 109/ГС) (ред. от 30.12.2020)
Приложение Х"
false,false,,154,55,104,52,Коррозия арматурного каркаса,104,ГОСТ Р 57997-2017,"Национальный стандарт Российской Федерации. Арматурные и закладные изделия сварные, соединения сварные арматуры и закладных изделий железобетонных конструкций. Общие технические условия (утв. и введен в действие Приказом Росстандарта от 24.11.2017 № 1835-ст)
Пункт: 5.6"
false,false,,155,55,105,52,Недостаточная толщина защитного слоя бетона,105,СП 63.13330.2018,"Свод правил. Бетонные и железобетонные конструкции. Основные положения. СНиП 52-01-2003 (утв. и введен в действие Приказом Минстрой России от 19.12.2018 № 832/пр) (ред. от 20.12.2021)
Табл. 10.1"
false,false,,156,55,106,52,"Дефекты бетона (раковины, сколы)",106,СП 70.13330.2012,"Свод правил. Несущие и ограждающие конструкции. Актуализированная редакция СНиП 3.03.01-87 (утв. Приказом Госстроя от 25.12.2012 № 109/ГС) (ред. от 30.12.2020)
Приложение Х"
false,false,,157,55,107,52,Несоответствие прочности бетона проектным требованиям,107,СП 70.13330.2012,"Свод правил. Несущие и ограждающие конструкции. Актуализированная редакция СНиП 3.03.01-87 (утв. Приказом Госстроя от 25.12.2012 № 109/ГС) (ред. от 30.12.2020)
Пункт: 5.2.4"
false,false,,158,55,108,52,Несоответствие прочности бетона проектным требованиям,108,СП 70.13330.2012,"Свод правил. Несущие и ограждающие конструкции. Актуализированная редакция СНиП 3.03.01-87 (утв. Приказом Госстроя от 25.12.2012 № 109/ГС) (ред. от 30.12.2020)
Пункт: 5.2.4"
false,false,,159,55,109,52,Нарушение устройства обмазочной гидроизоляции фундамента,109,СП 71.13330.2017,"Свод правил. Изоляционные и отделочные покрытия. Актуализированная редакция СНиП 3.04.01-87 (утв. Приказом Минстроя России от 27.02.2017 № 128/пр) (ред. от 17.12.2021)
Пункт: 5.5.1"
false,false,,160,55,110,52,Нарушение устройства рулонной гидроизоляции фундамента,110,СП 71.13330.2017,"Свод правил. Изоляционные и отделочные покрытия. Актуализированная редакция СНиП 3.04.01-87 (утв. Приказом Минстроя России от 27.02.2017 № 128/пр) (ред. от 17.12.2021)
Пункт: 8.6.4"
false,false,,161,55,111,52,Нарушение технологии устройства опалубки,111,СП 435.1325800.2018,"Свод правил. Конструкции бетонные и железобетонные монолитные. Правила производства и приемки работ (утв. и введен в действие Приказом Минстроя России от 26.11.2018 № 746/пр)
Пункт: 8.2"
false,false,,162,55,112,52,"Неравномерная осадка фундамента (перекосы, трещины в стенах)",112,СП 22.13330.2016,"Свод правил. Основания зданий и сооружений. Актуализированная редакция СНиП 2.02.01-83* (утв. Приказом Минстроя России от 16.12.2016 № 970/пр) (ред. от 27.12.2021)
Пункт: 5.1.5-5.1.6"
false,false,,163,55,113,52,Несоответствие шага свай,113,СП 24.13330.2021,"Свод правил. Свайные фундаменты. СНиП 2.02.03-85"" (утв. и введен в действие Приказом Минстроя России от 14.12.2021 N 926/пр) (ред. от 13.09.2023)
Пункт: 8.13"
false,false,,164,55,114,52,Нарушение соединения с ростверком,114,СП 24.13330.2021,"Свод правил. Свайные фундаменты. СНиП 2.02.03-85"" (утв. и введен в действие Приказом Минстроя России от 14.12.2021 N 926/пр) (ред. от 13.09.2023)
Пункт: 8.9"
false,false,,165,56,115,52,Очаги ржавчины на поверхности свай,115,СП 28.13330.2017,"Свод правил. Защита строительных конструкций от коррозии. Актуализированная редакция СНиП 2.03.11-85"" (утв. Приказом Минстроя России от 27.02.2017 № 127/пр) (ред. от 28.12.2021)
Пункт: 5.5.5"
false,false,,166,56,116,52,Нарушение устройства обмазочной гидроизоляции фундамента,116,СП 71.13330.2017,"Свод правил. Изоляционные и отделочные покрытия. Актуализированная редакция СНиП 3.04.01-87 (утв. Приказом Минстроя России от 27.02.2017 № 128/пр) (ред. от 17.12.2021)
Пункт: 5.5.1"
false,false,,167,56,117,52,Нарушение устройства рулонной гидроизоляции фундамента,117,СП 71.13330.2017,"Свод правил. Изоляционные и отделочные покрытия. Актуализированная редакция СНиП 3.04.01-87 (утв. Приказом Минстроя России от 27.02.2017 № 128/пр) (ред. от 17.12.2021)
Пункт: 8.6.4"
false,false,,168,56,118,52,Нарушение целостности сварных соединений,118,ГОСТ 23118-2019,"Межгосударственный стандарт. Конструкции стальные строительные. Общие технические условия"" (введен в действие Приказом Росстандарта от 04.08.2020 № 458-ст)
Пункт: 5.5.8"
false,false,,169,56,119,52,Наплывы металла на сварном соединении,119,ГОСТ 23118-2019,"Межгосударственный стандарт. Конструкции стальные строительные. Общие технические условия"" (введен в действие Приказом Росстандарта от 04.08.2020 № 458-ст)
Пункт: 5.5.8"
false,false,,170,56,120,52,Отсутствие полного заполнения сварочных швов,120,ГОСТ 23118-2019,"Межгосударственный стандарт. Конструкции стальные строительные. Общие технические условия"" (введен в действие Приказом Росстандарта от 04.08.2020 № 458-ст)
Пункт: 5.5.8"
false,false,,171,56,121,52,Сквозные прожоги металла ,121,ГОСТ 23118-2019,"Межгосударственный стандарт. Конструкции стальные строительные. Общие технические условия"" (введен в действие Приказом Росстандарта от 04.08.2020 № 458-ст)
Пункт: 5.5.8"
false,false,,172,56,122,52,Наличие окалины на сварочных швах,122,ГОСТ 23118-2019,"Межгосударственный стандарт. Конструкции стальные строительные. Общие технические условия"" (введен в действие Приказом Росстандарта от 04.08.2020 № 458-ст)
Пункт: 5.5.8"
false,false,,173,56,123,52,Подрезы сварочных швов по свариваемым деталям,123,ГОСТ 23118-2019,"Межгосударственный стандарт. Конструкции стальные строительные. Общие технические условия"" (введен в действие Приказом Росстандарта от 04.08.2020 № 458-ст)
Пункт: 5.5.8"
false,false,,174,56,124,52,Отсутствие сварных швов в аналогичных  узлах на разных участках конструкции. ,124,ГОСТ 23118-2019,"Межгосударственный стандарт. Конструкции стальные строительные. Общие технические условия"" (введен в действие Приказом Росстандарта от 04.08.2020 № 458-ст)
Пункт: 5.5.8"
false,false,,175,56,125,52,"Неравномерная осадка фундамента (перекосы, трещины в стенах)",125,СП 22.13330.2016,"Свод правил. Основания зданий и сооружений. Актуализированная редакция СНиП 2.02.01-83* (утв. Приказом Минстроя России от 16.12.2016 № 970/пр) (ред. от 27.12.2021)
Пункт: 5.1.5-5.1.6"
false,false,,176,56,126,52,Несоответствие шага свай,126,СП 24.13330.2021,"Свод правил. Свайные фундаменты. СНиП 2.02.03-85"" (утв. и введен в действие Приказом Минстроя России от 14.12.2021 N 926/пр) (ред. от 13.09.2023)
Пункт: 8.13"
false,false,,177,57,127,52,Механические повреждения труб,127,ГОСТ 31416-2009,"Межгосударственный стандарт. Трубы и муфты хризотилцементные. Технические условия"" (введен в действие Приказом Ростехрегулирования от 17.06.2010 № 98-ст)
Пункт: 6.1.1"
false,false,,178,57,128,52,Наличие высолов на поверхности труб,128,ГОСТ 31416-2009,"Межгосударственный стандарт. Трубы и муфты хризотилцементные. Технические условия"" (введен в действие Приказом Ростехрегулирования от 17.06.2010 № 98-ст)
Пункт: 6.1.5"
false,false,,179,57,129,52,Нарушение устройства обмазочной гидроизоляции фундамента,129,СП 71.13330.2017,"Свод правил. Изоляционные и отделочные покрытия. Актуализированная редакция СНиП 3.04.01-87 (утв. Приказом Минстроя России от 27.02.2017 № 128/пр) (ред. от 17.12.2021)
Пункт: 5.5.1"
false,false,,180,57,130,52,Нарушение устройства рулонной гидроизоляции фундамента,130,СП 71.13330.2017,"Свод правил. Изоляционные и отделочные покрытия. Актуализированная редакция СНиП 3.04.01-87 (утв. Приказом Минстроя России от 27.02.2017 № 128/пр) (ред. от 17.12.2021)
Пункт: 8.6.4"
false,false,,181,57,131,52,"Неравномерная осадка фундамента (перекосы, трещины в стенах)",131,СП 22.13330.2016,"Свод правил. Основания зданий и сооружений. Актуализированная редакция СНиП 2.02.01-83* (утв. Приказом Минстроя России от 16.12.2016 № 970/пр) (ред. от 27.12.2021)
Пункт: 5.1.5-5.1.6"
false,false,,182,57,132,52,Несоответствие шага свай,132,СП 24.13330.2021,"Свод правил. Свайные фундаменты. СНиП 2.02.03-85"" (утв. и введен в действие Приказом Минстроя России от 14.12.2021 N 926/пр) (ред. от 13.09.2023)
Пункт: 8.13"
false,false,,183,57,133,52,Коррозия арматурного каркаса (при наличии),133,ГОСТ Р 57997-2017,"Национальный стандарт Российской Федерации. Арматурные и закладные изделия сварные, соединения сварные арматуры и закладных изделий железобетонных конструкций. Общие технические условия (утв. и введен в действие Приказом Росстандарта от 24.11.2017 № 1835-ст)
Пункт: 5.6"
false,false,,184,57,134,52,Нарушение технологии соединения с конструкцией ростверка,134,СП 24.13330.2021,"Свод правил. Свайные фундаменты. СНиП 2.02.03-85"" (утв. и введен в действие Приказом Минстроя России от 14.12.2021 N 926/пр) (ред. от 13.09.2023)
Пункт: 8.9"
false,false,,185,57,135,52,Отклонение свай от проектного положения,135,СП 45.13330.2017,"Свод правил. Земляные сооружения, основания и фундаменты. Актуализированная редакция СНиП 3.02.01-87"" (утв. и введен в действие Приказом Минстроя России от 27.02.2017 N 125/пр) (ред. от 16.12.2021)
Пункт: 12.8.27"
false,false,,186,58,136,52,Наличие высолов на лицевой поверхности кирпича,136,"ГОСТ 530–2012. Межгосударственный стандарт. Кирпич и камень керамические. Общие технические условия"" (введен в действие Приказом Росстандарта от 27.12.2012 № 2148-ст)
Пункт: 5.1.3",""
false,false,,187,58,137,52,Разрушение кирпичной кладки,137,"Постановление Госстроя РФ от 27.09.2003 N 170 (с изм. от 22.06.2022) ""Об утверждении Правил и норм технической эксплуатации жилищного фонда"" (Зарегистрировано в Минюсте РФ 15.10.2003 № 5176)
Пункт: 4.2.1.5",""
false,false,,188,58,138,52,Отсутствие деформационных швов ,138,СП 70.13330.2012,"Свод правил. Несущие и ограждающие конструкции. Актуализированная редакция СНиП 3.03.01-87 (утв. Приказом Госстроя от 25.12.2012 № 109/ГС) (ред. от 30.12.2020)
Пункт: 4.14.1"
false,false,,189,58,139,52,"Некачественное заполнение швов кирпичной кладки раствором, выветривание раствора",139,СП 70.13330.2012,"Свод правил. Несущие и ограждающие конструкции. Актуализированная редакция СНиП 3.03.01-87 (утв. Приказом Госстроя от 25.12.2012 № 109/ГС) (ред. от 30.12.2020)
Пункт: 9.2.5"
false,false,,237,63,187,53,Отсутствие деформационных швов ,187,СП 70.13330.2012,"Свод правил. Несущие и ограждающие конструкции. Актуализированная редакция СНиП 3.03.01-87 (утв. Приказом Госстроя от 25.12.2012 № 109/ГС) (ред. от 30.12.2020)
Пункт: 4.14.1"
false,false,,190,58,140,52,Нарушение технологии перевязки кирпичной кладки,140,СП 70.13330.2012,"Свод правил. Несущие и ограждающие конструкции. Актуализированная редакция СНиП 3.03.01-87 (утв. Приказом Госстроя от 25.12.2012 № 109/ГС) (ред. от 30.12.2020)
Пункт: 9.2.1"
false,false,,191,58,141,52,Нарушение технологии армирования кирпичной кладки,141,СП 70.13330.2012,"Свод правил. Несущие и ограждающие конструкции. Актуализированная редакция СНиП 3.03.01-87 (утв. Приказом Госстроя от 25.12.2012 № 109/ГС) (ред. от 30.12.2020)
Пункт: 9.2.14"
false,false,,192,58,142,52,Нарушение устройства гидроизоляции,142,СП 70.13330.2012,"Свод правил. Несущие и ограждающие конструкции. Актуализированная редакция СНиП 3.03.01-87 (утв. Приказом Госстроя от 25.12.2012 № 109/ГС) (ред. от 30.12.2020)
Пункт: 9.2.15"
false,false,,193,58,143,52,Несоответствие толщины швов кирпичной кладки нормативным требованиям,143,СП 70.13330.2012,"Свод правил. Несущие и ограждающие конструкции. Актуализированная редакция СНиП 3.03.01-87"" (утв. Приказом Госстроя от 25.12.2012 N 109/ГС) (ред. от 30.12.2020)
Пункт: 9.2.4"
false,false,,194,59,144,52,Наличие высолов на лицевой поверхности кирпича,144,"ГОСТ 530–2012. Межгосударственный стандарт. Кирпич и камень керамические. Общие технические условия"" (введен в действие Приказом Росстандарта от 27.12.2012 № 2148-ст)
Пункт: 5.1.3",""
false,false,,195,59,145,52,Разрушение кирпичной кладки,145,"Постановление Госстроя РФ от 27.09.2003 N 170 (с изм. от 22.06.2022) ""Об утверждении Правил и норм технической эксплуатации жилищного фонда"" (Зарегистрировано в Минюсте РФ 15.10.2003 № 5176)
Пункт: 4.2.1.5",""
false,false,,196,59,146,52,Отсутствие деформационных швов ,146,СП 70.13330.2012,"Свод правил. Несущие и ограждающие конструкции. Актуализированная редакция СНиП 3.03.01-87 (утв. Приказом Госстроя от 25.12.2012 № 109/ГС) (ред. от 30.12.2020)
Пункт: 4.14.1"
false,false,,197,59,147,52,"Некачественное заполнение швов кирпичной кладки раствором, выветривание раствора",147,СП 70.13330.2012,"Свод правил. Несущие и ограждающие конструкции. Актуализированная редакция СНиП 3.03.01-87 (утв. Приказом Госстроя от 25.12.2012 № 109/ГС) (ред. от 30.12.2020)
Пункт: 9.2.5"
false,false,,198,59,148,52,Нарушение технологии перевязки кирпичной кладки,148,СП 70.13330.2012,"Свод правил. Несущие и ограждающие конструкции. Актуализированная редакция СНиП 3.03.01-87 (утв. Приказом Госстроя от 25.12.2012 № 109/ГС) (ред. от 30.12.2020)
Пункт: 9.2.1"
false,false,,199,59,149,52,Нарушение технологии армирования кирпичной кладки,149,СП 70.13330.2012,"Свод правил. Несущие и ограждающие конструкции. Актуализированная редакция СНиП 3.03.01-87 (утв. Приказом Госстроя от 25.12.2012 № 109/ГС) (ред. от 30.12.2020)
Пункт: 9.2.14"
false,false,,200,59,150,52,Нарушение устройства гидроизоляции,150,СП 70.13330.2012,"Свод правил. Несущие и ограждающие конструкции. Актуализированная редакция СНиП 3.03.01-87 (утв. Приказом Госстроя от 25.12.2012 № 109/ГС) (ред. от 30.12.2020)
Пункт: 9.2.15"
false,false,,201,59,151,52,Несоответствие толщины швов кирпичной кладки нормативным требованиям,151,СП 70.13330.2012,"Свод правил. Несущие и ограждающие конструкции. Актуализированная редакция СНиП 3.03.01-87"" (утв. Приказом Госстроя от 25.12.2012 N 109/ГС) (ред. от 30.12.2020)
Пункт: 9.2.4"
false,false,,202,60,152,53,Отклонения фактического положения смонтированных конструкций от проектного,152,СП 70.13330.2012,"Свод правил. Несущие и ограждающие конструкции. Актуализированная редакция СНиП 3.03.01-87"" (утв. Приказом Госстроя от 25.12.2012 N 109/ГС) (ред. от 30.12.2020)
Пункт: 4.12.2"
false,false,,203,60,153,53,Нарушение целостности сварных соединений,153,ГОСТ 23118-2019,"Межгосударственный стандарт. Конструкции стальные строительные. Общие технические условия"" (введен в действие Приказом Росстандарта от 04.08.2020 № 458-ст)
Пункт: 5.5.8"
false,false,,204,60,154,53,Наплывы металла на сварном соединении,154,ГОСТ 23118-2019,"Межгосударственный стандарт. Конструкции стальные строительные. Общие технические условия"" (введен в действие Приказом Росстандарта от 04.08.2020 № 458-ст)
Пункт: 5.5.8"
false,false,,205,60,155,53,Отсутствие полного заполнения сварочных швов,155,ГОСТ 23118-2019,"Межгосударственный стандарт. Конструкции стальные строительные. Общие технические условия"" (введен в действие Приказом Росстандарта от 04.08.2020 № 458-ст)
Пункт: 5.5.8"
false,false,,206,60,156,53,Сквозные прожоги металла ,156,ГОСТ 23118-2019,"Межгосударственный стандарт. Конструкции стальные строительные. Общие технические условия"" (введен в действие Приказом Росстандарта от 04.08.2020 № 458-ст)
Пункт: 5.5.8"
false,false,,207,60,157,53,Наличие окалины на сварочных швах,157,ГОСТ 23118-2019,"Межгосударственный стандарт. Конструкции стальные строительные. Общие технические условия"" (введен в действие Приказом Росстандарта от 04.08.2020 № 458-ст)
Пункт: 5.5.8"
false,false,,208,60,158,53,Подрезы сварочных швов по свариваемым деталям,158,ГОСТ 23118-2019,"Межгосударственный стандарт. Конструкции стальные строительные. Общие технические условия"" (введен в действие Приказом Росстандарта от 04.08.2020 № 458-ст)
Пункт: 5.5.8"
false,false,,209,60,159,53,Отсутствие сварных швов в аналогичных  узлах на разных участках конструкции. ,159,ГОСТ 23118-2019,"Межгосударственный стандарт. Конструкции стальные строительные. Общие технические условия"" (введен в действие Приказом Росстандарта от 04.08.2020 № 458-ст)
Пункт: 5.5.8"
false,false,,210,60,160,53,Отклонение формы и профиля металлокаркаса от номинальных размеров,160,ГОСТ 32931-2015,"Межгосударственный стандарт. Трубы стальные профильные для металлоконструкций. Технические условия"" (введен в действие Приказом Росстандарта от 19.01.2016 № 9-ст):
Приложения А-Д (в зависмости от профиля)"
false,false,,211,60,161,53,Нарушение герметичности примыкания стальных конструкций к смежным конструкциям,161,СП 16.13330.2017,"Свод правил. Стальные конструкции. Актуализированная редакция СНиП II-23-81*"" (утв. Приказом Минстроя России от 27.02.2017 N 126/пр) (ред. от 27.06.2023)"
false,false,,212,60,162,53,"Некачественное окрашивание конструктивных элементов металлокаркаса (отсутсвие окраски, наплывы, шелушение, отслоение, царапины и т. д.)",162,ГОСТ 35094-2024,"Покрытия лакокрасочные. Группы, технические требования и обозначения
Пункт: 5.2"
false,false,,213,60,163,53,Дефект монтажа болтового соединения,163,СП 70.13330.2012,"Свод правил. Несущие и ограждающие конструкции. Актуализированная редакция СНиП 3.03.01-87"" (утв. Приказом Госстроя от 25.12.2012 N 109/ГС) (ред. от 30.12.2020)
Пункт: 4.5.1, 4.23.17"
false,false,,214,60,164,53,Отсутствие/некорректный монтаж соеденительной планки,164,СП 70.13330.2012,"Свод правил. Несущие и ограждающие конструкции. Актуализированная редакция СНиП 3.03.01-87"" (утв. Приказом Госстроя от 25.12.2012 N 109/ГС) (ред. от 30.12.2020)
Пункт: 4.23.18"
false,false,,215,61,165,53,Отклонения фактического положения смонтированных конструкций от проектного,165,СП 70.13330.2012,"Свод правил. Несущие и ограждающие конструкции. Актуализированная редакция СНиП 3.03.01-87"" (утв. Приказом Госстроя от 25.12.2012 N 109/ГС) (ред. от 30.12.2020)
Пункт: 4.12.2"
false,false,,216,61,166,53,Нарушение целостности сварных соединений,166,ГОСТ 23118-2019,"Межгосударственный стандарт. Конструкции стальные строительные. Общие технические условия"" (введен в действие Приказом Росстандарта от 04.08.2020 № 458-ст)
Пункт: 5.5.8"
false,false,,217,61,167,53,Наплывы металла на сварном соединении,167,ГОСТ 23118-2019,"Межгосударственный стандарт. Конструкции стальные строительные. Общие технические условия"" (введен в действие Приказом Росстандарта от 04.08.2020 № 458-ст)
Пункт: 5.5.8"
false,false,,218,61,168,53,Отсутствие полного заполнения сварочных швов,168,ГОСТ 23118-2019,"Межгосударственный стандарт. Конструкции стальные строительные. Общие технические условия"" (введен в действие Приказом Росстандарта от 04.08.2020 № 458-ст)
Пункт: 5.5.8"
false,false,,219,61,169,53,Сквозные прожоги металла ,169,ГОСТ 23118-2019,"Межгосударственный стандарт. Конструкции стальные строительные. Общие технические условия"" (введен в действие Приказом Росстандарта от 04.08.2020 № 458-ст)
Пункт: 5.5.8"
false,false,,220,61,170,53,Наличие окалины на сварочных швах,170,ГОСТ 23118-2019,"Межгосударственный стандарт. Конструкции стальные строительные. Общие технические условия"" (введен в действие Приказом Росстандарта от 04.08.2020 № 458-ст)
Пункт: 5.5.8"
false,false,,221,61,171,53,Подрезы сварочных швов по свариваемым деталям,171,ГОСТ 23118-2019,"Межгосударственный стандарт. Конструкции стальные строительные. Общие технические условия"" (введен в действие Приказом Росстандарта от 04.08.2020 № 458-ст)
Пункт: 5.5.8"
false,false,,222,61,172,53,Отсутствие сварных швов в аналогичных  узлах на разных участках конструкции. ,172,ГОСТ 23118-2019,"Межгосударственный стандарт. Конструкции стальные строительные. Общие технические условия"" (введен в действие Приказом Росстандарта от 04.08.2020 № 458-ст)
Пункт: 5.5.8"
false,false,,223,61,173,53,Нарушение герметичности примыкания стальных конструкций к смежным конструкциям,173,СП 16.13330.2017,"Свод правил. Стальные конструкции. Актуализированная редакция СНиП II-23-81*"" (утв. Приказом Минстроя России от 27.02.2017 N 126/пр) (ред. от 27.06.2023)"
false,false,,224,61,174,53,"Некачественное окрашивание конструктивных элементов металлокаркаса (отсутсвие окраски, наплывы, шелушение, отслоение, царапины и т. д.)",174,ГОСТ 35094-2024,"Покрытия лакокрасочные. Группы, технические требования и обозначения
Пункт: 5.2"
false,false,,225,61,175,53,Дефект монтажа болтового соединения,175,СП 70.13330.2012,"Свод правил. Несущие и ограждающие конструкции. Актуализированная редакция СНиП 3.03.01-87"" (утв. Приказом Госстроя от 25.12.2012 N 109/ГС) (ред. от 30.12.2020)
Пункт: 4.5.1, 4.23.17"
false,false,,226,61,176,53,Отсутствие/некорректный монтаж соеденительной планки,176,СП 70.13330.2012,"Свод правил. Несущие и ограждающие конструкции. Актуализированная редакция СНиП 3.03.01-87"" (утв. Приказом Госстроя от 25.12.2012 N 109/ГС) (ред. от 30.12.2020)
Пункт: 4.23.18"
false,false,,227,62,177,53,"Отсутствие температурно-усадочных швов, повлекшее образование трещин в кладке",177,СП 15.13330.2020,"Свод правил. Каменные и армокаменные конструкции. СНиП II-22-81*"" (утв. Приказом Минстроя России от 30.12.2020 N 902/пр)
Пункт: 9.84"
false,false,,228,62,178,53,Трещины в кладке длиной более 15см,178,СП 15.13330.2020,"Свод правил. Каменные и армокаменные конструкции. СНиП II-22-81*"" (утв. Приказом Минстроя России от 30.12.2020 N 902/пр)
Приложение Д.2"
false,false,,229,62,179,53,Некачественное заполнения швов раствором,179,СП 70.13330.2012,"Свод правил. Несущие и ограждающие конструкции. Актуализированная редакция СНиП 3.03.01-87"" (утв. Приказом Госстроя от 25.12.2012 N 109/ГС) (ред. от 30.12.2020)
Пункт: 9.2.5"
false,false,,230,62,180,53,Нарушение технологии перевязки швов,180,СП 15.13330.2020,"Свод правил. Каменные и армокаменные конструкции. СНиП II-22-81*"" (утв. Приказом Минстроя России от 30.12.2020 N 902/пр)
Пункт: 9.7"
false,false,,231,62,181,53,Нарушение технологии залива бетоном угловых соединений конструкции,181,СП 70.13330.2012,"Свод правил. Несущие и ограждающие конструкции. Актуализированная редакция СНиП 3.03.01-87 (утв. Приказом Госстроя от 25.12.2012 № 109/ГС) (ред. от 30.12.2020)
Приложение Х"
false,false,,232,62,182,53,Нарушение устройства обмазочной гидроизоляции,182,СП 71.13330.2017,"Свод правил. Изоляционные и отделочные покрытия. Актуализированная редакция СНиП 3.04.01-87 (утв. Приказом Минстроя России от 27.02.2017 № 128/пр) (ред. от 17.12.2021)
Пункт: 5.5.1"
false,false,,233,62,183,53,Нарушение устройства рулонной гидроизоляции,183,СП 71.13330.2017,"Свод правил. Изоляционные и отделочные покрытия. Актуализированная редакция СНиП 3.04.01-87 (утв. Приказом Минстроя России от 27.02.2017 № 128/пр) (ред. от 17.12.2021)
Пункт: 8.6.4"
false,false,,234,62,184,53,Нарушение технологии устройства перемычек,184,СП 70.13330.2012,"Свод правил. Несущие и ограждающие конструкции. Актуализированная редакция СНиП 3.03.01-87"" (утв. Приказом Госстроя от 25.12.2012 N 109/ГС) (ред. от 30.12.2020)
Пункт: 9.2.8"
false,false,,235,63,185,53,Наличие высолов на лицевой поверхности кирпича,185,"ГОСТ 530–2012. Межгосударственный стандарт. Кирпич и камень керамические. Общие технические условия"" (введен в действие Приказом Росстандарта от 27.12.2012 № 2148-ст)
Пункт: 5.1.3",""
false,false,,236,63,186,53,Разрушение кирпичной кладки,186,"Постановление Госстроя РФ от 27.09.2003 N 170 (с изм. от 22.06.2022) ""Об утверждении Правил и норм технической эксплуатации жилищного фонда"" (Зарегистрировано в Минюсте РФ 15.10.2003 № 5176)
Пункт: 4.2.1.5",""
false,false,,238,63,188,53,"Некачественное заполнение швов кирпичной кладки раствором, выветривание раствора",188,СП 70.13330.2012,"Свод правил. Несущие и ограждающие конструкции. Актуализированная редакция СНиП 3.03.01-87 (утв. Приказом Госстроя от 25.12.2012 № 109/ГС) (ред. от 30.12.2020)
Пункт: 9.2.5"
false,false,,239,63,189,53,Нарушение технологии перевязки кирпичной кладки,189,СП 70.13330.2012,"Свод правил. Несущие и ограждающие конструкции. Актуализированная редакция СНиП 3.03.01-87 (утв. Приказом Госстроя от 25.12.2012 № 109/ГС) (ред. от 30.12.2020)
Пункт: 9.2.1"
false,false,,240,63,190,53,Нарушение технологии армирования кирпичной кладки,190,СП 70.13330.2012,"Свод правил. Несущие и ограждающие конструкции. Актуализированная редакция СНиП 3.03.01-87 (утв. Приказом Госстроя от 25.12.2012 № 109/ГС) (ред. от 30.12.2020)
Пункт: 9.2.14"
false,false,,241,63,191,53,Нарушение устройства гидроизоляции,191,СП 70.13330.2012,"Свод правил. Несущие и ограждающие конструкции. Актуализированная редакция СНиП 3.03.01-87 (утв. Приказом Госстроя от 25.12.2012 № 109/ГС) (ред. от 30.12.2020)
Пункт: 9.2.15"
false,false,,242,63,192,53,Несоответствие толщины швов кирпичной кладки нормативным требованиям,192,СП 70.13330.2012,"Свод правил. Несущие и ограждающие конструкции. Актуализированная редакция СНиП 3.03.01-87"" (утв. Приказом Госстроя от 25.12.2012 N 109/ГС) (ред. от 30.12.2020)
Пункт: 9.2.4"
false,false,,243,64,193,53,Коррозия выпусков арматурных стержней,193,ГОСТ Р 57997-2017,"Национальный стандарт Российской Федерации. Арматурные и закладные изделия сварные, соединения сварные арматуры и закладных изделий железобетонных конструкций. Общие технические условия (утв. и введен в действие Приказом Росстандарта от 24.11.2017 № 1835-ст)
Пункт: 5.6"
false,false,,244,64,194,53,Недостаточная толщина защитного слоя бетона,194,СП 63.13330.2018,"Свод правил. Бетонные и железобетонные конструкции. Основные положения. СНиП 52-01-2003 (утв. и введен в действие Приказом Минстрой России от 19.12.2018 № 832/пр) (ред. от 20.12.2021)
Табл. 10.1"
false,false,,245,64,195,53,Трещины в бетоне (превышение допустимой ширины раскрытия трещин),195,СП 70.13330.2012,"Свод правил. Несущие и ограждающие конструкции. Актуализированная редакция СНиП 3.03.01-87 (утв. Приказом Госстроя от 25.12.2012 № 109/ГС) (ред. от 30.12.2020)
Приложение Х"
false,false,,246,64,196,53,"Нарушение целостности бетона (раковины, пустоты, расслоения)",196,СП 70.13330.2012,"Свод правил. Несущие и ограждающие конструкции. Актуализированная редакция СНиП 3.03.01-87 (утв. Приказом Госстроя от 25.12.2012 № 109/ГС) (ред. от 30.12.2020)
Приложение Х"
false,false,,247,64,197,53,Разрушение граней монолита,197,СП 70.13330.2012,"Свод правил. Несущие и ограждающие конструкции. Актуализированная редакция СНиП 3.03.01-87 (утв. Приказом Госстроя от 25.12.2012 № 109/ГС) (ред. от 30.12.2020)
Пункт: 7.4.10"
false,false,,248,64,198,53,Несоответствие прочности бетона проектным требованиям,198,СП 70.13330.2012,"Свод правил. Несущие и ограждающие конструкции. Актуализированная редакция СНиП 3.03.01-87 (утв. Приказом Госстроя от 25.12.2012 № 109/ГС) (ред. от 30.12.2020)
Пункт: 5.2.4"
false,false,,249,64,199,53,Нарушение устройства обмазочной гидроизоляции,199,СП 71.13330.2017,"Свод правил. Изоляционные и отделочные покрытия. Актуализированная редакция СНиП 3.04.01-87 (утв. Приказом Минстроя России от 27.02.2017 № 128/пр) (ред. от 17.12.2021)
Пункт: 5.5.1"
false,false,,250,64,200,53,Нарушение устройства рулонной гидроизоляции,200,СП 71.13330.2017,"Свод правил. Изоляционные и отделочные покрытия. Актуализированная редакция СНиП 3.04.01-87 (утв. Приказом Минстроя России от 27.02.2017 № 128/пр) (ред. от 17.12.2021)
Пункт: 8.6.4"
false,false,,251,64,201,53,"Неправильное армирование (нарушение шага, диаметра стержней)",201,СП 70.13330.2012,"Свод правил. Несущие и ограждающие конструкции. Актуализированная редакция СНиП 3.03.01-87 (утв. Приказом Госстроя от 25.12.2012 № 109/ГС) (ред. от 30.12.2020)
Пункт: 5.16.12
Таблица: 5.10"
false,false,,252,64,202,53,"Нарушение условий бетонирования (холодные швы, недостаточное уплотнение)",202,СП 70.13330.2012,"Свод правил. Несущие и ограждающие конструкции. Актуализированная редакция СНиП 3.03.01-87 (утв. Приказом Госстроя от 25.12.2012 № 109/ГС) (ред. от 30.12.2020)
Приложение Х"
false,false,,253,64,203,53,Нарушение технологии устройства опалубки,203,СП 435.1325800.2018,"Свод правил. Конструкции бетонные и железобетонные монолитные. Правила производства и приемки работ (утв. и введен в действие Приказом Минстроя России от 26.11.2018 № 746/пр)
Пункт: 8.2"
false,false,,254,65,204,53,Коррозия выпусков арматурных стержней,204,ГОСТ Р 57997-2017,"Национальный стандарт Российской Федерации. Арматурные и закладные изделия сварные, соединения сварные арматуры и закладных изделий железобетонных конструкций. Общие технические условия (утв. и введен в действие Приказом Росстандарта от 24.11.2017 № 1835-ст)
Пункт: 5.6"
false,false,,255,65,205,53,Недостаточная толщина защитного слоя бетона,205,СП 63.13330.2018,"Свод правил. Бетонные и железобетонные конструкции. Основные положения. СНиП 52-01-2003 (утв. и введен в действие Приказом Минстрой России от 19.12.2018 № 832/пр) (ред. от 20.12.2021)
Табл. 10.1"
false,false,,256,65,206,53,Трещины в бетоне (превышение допустимой ширины раскрытия трещин),206,СП 70.13330.2012,"Свод правил. Несущие и ограждающие конструкции. Актуализированная редакция СНиП 3.03.01-87 (утв. Приказом Госстроя от 25.12.2012 № 109/ГС) (ред. от 30.12.2020)
Приложение Х"
false,false,,257,65,207,53,"Нарушение целостности бетона (раковины, пустоты, расслоения)",207,СП 70.13330.2012,"Свод правил. Несущие и ограждающие конструкции. Актуализированная редакция СНиП 3.03.01-87 (утв. Приказом Госстроя от 25.12.2012 № 109/ГС) (ред. от 30.12.2020)
Приложение Х"
false,false,,258,65,208,53,Разрушение граней монолита,208,СП 70.13330.2012,"Свод правил. Несущие и ограждающие конструкции. Актуализированная редакция СНиП 3.03.01-87 (утв. Приказом Госстроя от 25.12.2012 № 109/ГС) (ред. от 30.12.2020)
Пункт: 7.4.10"
false,false,,259,65,209,53,Несоответствие прочности бетона проектным требованиям,209,СП 70.13330.2012,"Свод правил. Несущие и ограждающие конструкции. Актуализированная редакция СНиП 3.03.01-87 (утв. Приказом Госстроя от 25.12.2012 № 109/ГС) (ред. от 30.12.2020)
Пункт: 5.2.4"
false,false,,260,65,210,53,Нарушение устройства обмазочной гидроизоляции,210,СП 71.13330.2017,"Свод правил. Изоляционные и отделочные покрытия. Актуализированная редакция СНиП 3.04.01-87 (утв. Приказом Минстроя России от 27.02.2017 № 128/пр) (ред. от 17.12.2021)
Пункт: 5.5.1"
false,false,,261,65,211,53,Нарушение устройства рулонной гидроизоляции,211,СП 71.13330.2017,"Свод правил. Изоляционные и отделочные покрытия. Актуализированная редакция СНиП 3.04.01-87 (утв. Приказом Минстроя России от 27.02.2017 № 128/пр) (ред. от 17.12.2021)
Пункт: 8.6.4"
false,false,,262,65,212,53,"Неправильное армирование (нарушение шага, диаметра стержней)",212,СП 70.13330.2012,"Свод правил. Несущие и ограждающие конструкции. Актуализированная редакция СНиП 3.03.01-87 (утв. Приказом Госстроя от 25.12.2012 № 109/ГС) (ред. от 30.12.2020)
Пункт: 5.16.12
Таблица: 5.10"
false,false,,263,65,213,53,"Нарушение условий бетонирования (холодные швы, недостаточное уплотнение)",213,СП 70.13330.2012,"Свод правил. Несущие и ограждающие конструкции. Актуализированная редакция СНиП 3.03.01-87 (утв. Приказом Госстроя от 25.12.2012 № 109/ГС) (ред. от 30.12.2020)
Приложение Х"
false,false,,264,65,214,53,Нарушение технологии устройства опалубки,214,СП 435.1325800.2018,"Свод правил. Конструкции бетонные и железобетонные монолитные. Правила производства и приемки работ (утв. и введен в действие Приказом Минстроя России от 26.11.2018 № 746/пр)
Пункт: 8.2"
false,false,,265,66,215,53,Образование трещин бруса ввиду отсутствия защиты от увлажнения,215,СП 64.13330.2017,"Свод правил. Деревянные конструкции. Актуализированная редакция СНиП II-25-80"" (утв. Приказом Минстроя России от 27.02.2017 N 129/пр) (ред. от 23.12.2021)
Пункт: 9.44"
false,false,,266,66,216,53,Скрутка бруса колонны (стойки) вдоль оси со снижением величины опорной площади,216,СП 70.13330.2012,"Свод правил. Несущие и ограждающие конструкции. Актуализированная редакция СНиП 3.03.01-87 (утв. Приказом Госстроя от 25.12.2012 № 109/ГС) (ред. от 30.12.2020)
Пункты: 8.2.1-8.2.3"
false,false,,267,66,217,53,Некачественное соединение деревянных конструкций,217,СП 64.13330.2017,"Свод правил. Деревянные конструкции. Актуализированная редакция СНиП II-25-80"" (утв. Приказом Минстроя России от 27.02.2017 N 129/пр) (ред. от 23.12.2021)
Пункт: 9.11"
false,false,,268,66,218,53,Коррозия крепежных элементов,218,СП 28.13330.2017,"Свод правил. Защита строительных конструкций от коррозии. Актуализированная редакция СНиП 2.03.11-85"" (утв. Приказом Минстроя России от 27.02.2017 N 127/пр) (ред. от 08.05.2024)
Пункт: 6.10"
false,false,,269,66,219,53,Скалывание клееной древесины,219,СП 64.13330.2017,"Свод правил. Деревянные конструкции. Актуализированная редакция СНиП II-25-80"" (утв. Приказом Минстроя России от 27.02.2017 N 129/пр) (ред. от 23.12.2021)
Пункт: 9.13"
false,false,,270,66,220,53,Грибковые образования на деревянных конструкциях,220,ГОСТ 2140-81,"Межгосударственный стандарт. Видимые пороки древесины. Классификация, термины и определения, способы измерения"" (введен в действие Постановлением Госстандарта СССР от 30.06.1981 N 3239) (ред. от 28.03.1990)
Приложение 1
Пункт: 6"
false,false,,271,66,221,53,"Нарушение технологии монтажа деревянных конструкций, эксплуатируемых на открытом воздухе",221,СП 64.13330.2017,"Свод правил. Деревянные конструкции. Актуализированная редакция СНиП II-25-80"" (утв. Приказом Минстроя России от 27.02.2017 N 129/пр) (ред. от 23.12.2021)
Пункт: 9.55-9.56"
false,false,,272,66,222,53,Дефект монтажа пароизоляции деревянных конструкций,222,СП 64.13330.2017,"Свод правил. Деревянные конструкции. Актуализированная редакция СНиП II-25-80"" (утв. Приказом Минстроя России от 27.02.2017 N 129/пр) (ред. от 23.12.2021)
Пункт: 9.59"
false,false,,273,66,223,53,"Нарушение устройства примыкания деревянных конструкций к более теплопроводным материалам (кирпич, бетон и т. д.)",223,СП 70.13330.2012,"Свод правил. Несущие и ограждающие конструкции. Актуализированная редакция СНиП 3.03.01-87 (утв. Приказом Госстроя от 25.12.2012 № 109/ГС) (ред. от 30.12.2020)
Пункт: 8.1.6"
false,false,,274,67,224,53,Некачественное заполнение швов между OSB плитами,224,ГОСТ Р 59924-2021,"Национальный стандарт Российской Федерации. Узлы соединения панелей для деревянного домостроения. Типы, конструкции, технические требования и методы контроля"" (утв. и введен в действие Приказом Росстандарта от 02.12.2021 N 1678-ст)
Пункт: 5.3.2.6"
false,false,,275,67,225,53,Грибковые образования на деревянных конструкциях,225,ГОСТ 2140-81,"Межгосударственный стандарт. Видимые пороки древесины. Классификация, термины и определения, способы измерения"" (введен в действие Постановлением Госстандарта СССР от 30.06.1981 N 3239) (ред. от 28.03.1990)
Приложение 1
Пункт: 6"
false,false,,276,54,226,54,Коррозия выпусков арматурных стержней,226,ГОСТ Р 57997-2017,"Национальный стандарт Российской Федерации. Арматурные и закладные изделия сварные, соединения сварные арматуры и закладных изделий железобетонных конструкций. Общие технические условия (утв. и введен в действие Приказом Росстандарта от 24.11.2017 № 1835-ст)
Пункт: 5.6"
false,false,,277,54,227,54,Недостаточная толщина защитного слоя бетона,227,СП 63.13330.2018,"Свод правил. Бетонные и железобетонные конструкции. Основные положения. СНиП 52-01-2003 (утв. и введен в действие Приказом Минстрой России от 19.12.2018 № 832/пр) (ред. от 20.12.2021)
Табл. 10.1"
false,false,,278,54,228,54,Трещины в бетоне (превышение допустимой ширины раскрытия трещин),228,СП 70.13330.2012,"Свод правил. Несущие и ограждающие конструкции. Актуализированная редакция СНиП 3.03.01-87 (утв. Приказом Госстроя от 25.12.2012 № 109/ГС) (ред. от 30.12.2020)
Приложение Х"
false,false,,279,54,229,54,"Нарушение целостности бетона (раковины, пустоты, расслоения)",229,СП 70.13330.2012,"Свод правил. Несущие и ограждающие конструкции. Актуализированная редакция СНиП 3.03.01-87 (утв. Приказом Госстроя от 25.12.2012 № 109/ГС) (ред. от 30.12.2020)
Приложение Х"
false,false,,280,54,230,54,Разрушение граней монолита,230,СП 70.13330.2012,"Свод правил. Несущие и ограждающие конструкции. Актуализированная редакция СНиП 3.03.01-87 (утв. Приказом Госстроя от 25.12.2012 № 109/ГС) (ред. от 30.12.2020)
Пункт: 7.4.10"
false,false,,281,54,231,54,Несоответствие прочности бетона проектным требованиям,231,СП 70.13330.2012,"Свод правил. Несущие и ограждающие конструкции. Актуализированная редакция СНиП 3.03.01-87 (утв. Приказом Госстроя от 25.12.2012 № 109/ГС) (ред. от 30.12.2020)
Пункт: 5.2.4"
false,false,,282,54,232,54,"Ослабление креплений выступающих деталей стен, разрушение цементного слоя нижней поверхности перекрытий",232,"Постановление Госстроя РФ от 27.09.2003 N 170 (с изм. от 22.06.2022) ""Об утверждении Правил и норм технической эксплуатации жилищного фонда"" (Зарегистрировано в Минюсте РФ 15.10.2003 № 5176)
Пункт: 4.2.1.5",""
false,false,,283,54,233,54,Некачественное заполнение раствором швов перекрытий,233,СП 70.13330.2012,"Свод правил. Несущие и ограждающие конструкции. Актуализированная редакция СНиП 3.03.01-87 (утв. Приказом Госстроя от 25.12.2012 № 109/ГС) (ред. от 30.12.2020)
Пункт: 6.10.2"
false,false,,284,66,234,54,Образование трещин бруса ввиду отсутствия защиты от увлажнения,234,СП 64.13330.2017,"Свод правил. Деревянные конструкции. Актуализированная редакция СНиП II-25-80"" (утв. Приказом Минстроя России от 27.02.2017 N 129/пр) (ред. от 23.12.2021)
Пункт: 9.44"
false,false,,285,66,235,54,Некачественное соединение деревянных конструкций,235,СП 64.13330.2017,"Свод правил. Деревянные конструкции. Актуализированная редакция СНиП II-25-80"" (утв. Приказом Минстроя России от 27.02.2017 N 129/пр) (ред. от 23.12.2021)
Пункт: 9.11"
false,false,,286,66,236,54,Коррозия крепежных элементов,236,СП 28.13330.2017,"Свод правил. Защита строительных конструкций от коррозии. Актуализированная редакция СНиП 2.03.11-85"" (утв. Приказом Минстроя России от 27.02.2017 N 127/пр) (ред. от 08.05.2024)
Пункт: 6.10"
false,false,,287,66,237,54,Скалывание клееной древесины,237,СП 64.13330.2017,"Свод правил. Деревянные конструкции. Актуализированная редакция СНиП II-25-80"" (утв. Приказом Минстроя России от 27.02.2017 N 129/пр) (ред. от 23.12.2021)
Пункт: 9.13"
false,false,,288,66,238,54,Грибковые образования на деревянных конструкциях,238,ГОСТ 2140-81,"Межгосударственный стандарт. Видимые пороки древесины. Классификация, термины и определения, способы измерения"" (введен в действие Постановлением Госстандарта СССР от 30.06.1981 N 3239) (ред. от 28.03.1990)
Приложение 1
Пункт: 6"
false,false,,289,66,239,54,"Нарушение технологии монтажа деревянных конструкций, эксплуатируемых на открытом воздухе",239,СП 64.13330.2017,"Свод правил. Деревянные конструкции. Актуализированная редакция СНиП II-25-80"" (утв. Приказом Минстроя России от 27.02.2017 N 129/пр) (ред. от 23.12.2021)
Пункт: 9.55-9.56"
false,false,,290,66,240,54,Дефект монтажа пароизоляции деревянных конструкций,240,СП 64.13330.2017,"Свод правил. Деревянные конструкции. Актуализированная редакция СНиП II-25-80"" (утв. Приказом Минстроя России от 27.02.2017 N 129/пр) (ред. от 23.12.2021)
Пункт: 9.59"
false,false,,291,66,241,54,"Нарушение устройства примыкания деревянных конструкций к более теплопроводным материалам (кирпич, бетон и т. д.)",241,СП 70.13330.2012,"Свод правил. Несущие и ограждающие конструкции. Актуализированная редакция СНиП 3.03.01-87 (утв. Приказом Госстроя от 25.12.2012 № 109/ГС) (ред. от 30.12.2020)
Пункт: 8.1.6"
false,false,,292,68,242,54,"Коррозия металлических элементов, контактирующих с бетоном ",242,СП 70.13330.2012,"Свод правил. Несущие и ограждающие конструкции. Актуализированная редакция СНиП 3.03.01-87"" (утв. Приказом Госстроя от 25.12.2012 N 109/ГС) (ред. от 30.12.2020)
Пункт: 11.1.8"
false,false,,293,68,243,54,Нарушение целостности сварных соединений,243,СП 70.13330.2012,"Свод правил. Несущие и ограждающие конструкции. Актуализированная редакция СНиП 3.03.01-87"" (утв. Приказом Госстроя от 25.12.2012 N 109/ГС) (ред. от 30.12.2020)
Пункт: 11.5.7"
false,false,,294,68,244,54,Нарушение технологии стыковки профилированных листов,244,СП 70.13330.2012,"Свод правил. Несущие и ограждающие конструкции. Актуализированная редакция СНиП 3.03.01-87"" (утв. Приказом Госстроя от 25.12.2012 N 109/ГС) (ред. от 30.12.2020)
Пункт: 11.6.5- 11.6.6"
false,false,,295,68,245,54,Нарушение технологии опирания профилированных листов на опоры,245,СП 70.13330.2012,"Свод правил. Несущие и ограждающие конструкции. Актуализированная редакция СНиП 3.03.01-87"" (утв. Приказом Госстроя от 25.12.2012 N 109/ГС) (ред. от 30.12.2020)
Пункт: 11.6.4"
false,false,,296,68,246,54,Коррозия выпусков арматурных стержней,246,ГОСТ Р 57997-2017,"Национальный стандарт Российской Федерации. Арматурные и закладные изделия сварные, соединения сварные арматуры и закладных изделий железобетонных конструкций. Общие технические условия (утв. и введен в действие Приказом Росстандарта от 24.11.2017 № 1835-ст)
Пункт: 5.6"
false,false,,297,68,247,54,Недостаточная толщина защитного слоя бетона,247,СП 63.13330.2018,"Свод правил. Бетонные и железобетонные конструкции. Основные положения. СНиП 52-01-2003 (утв. и введен в действие Приказом Минстрой России от 19.12.2018 № 832/пр) (ред. от 20.12.2021)
Табл. 10.1"
false,false,,298,68,248,54,Трещины в бетоне (превышение допустимой ширины раскрытия трещин),248,СП 70.13330.2012,"Свод правил. Несущие и ограждающие конструкции. Актуализированная редакция СНиП 3.03.01-87 (утв. Приказом Госстроя от 25.12.2012 № 109/ГС) (ред. от 30.12.2020)
Приложение Х"
false,false,,299,68,249,54,"Нарушение целостности бетона (раковины, пустоты, расслоения)",249,СП 70.13330.2012,"Свод правил. Несущие и ограждающие конструкции. Актуализированная редакция СНиП 3.03.01-87 (утв. Приказом Госстроя от 25.12.2012 № 109/ГС) (ред. от 30.12.2020)
Приложение Х"
false,false,,300,69,250,55,Образование трещин бруса ввиду отсутствия защиты от увлажнения,250,СП 64.13330.2017,"Свод правил. Деревянные конструкции. Актуализированная редакция СНиП II-25-80"" (утв. Приказом Минстроя России от 27.02.2017 N 129/пр) (ред. от 23.12.2021)
Пункт: 9.44"
false,false,,301,69,251,55,Некачественное соединение деревянных конструкций,251,СП 64.13330.2017,"Свод правил. Деревянные конструкции. Актуализированная редакция СНиП II-25-80"" (утв. Приказом Минстроя России от 27.02.2017 N 129/пр) (ред. от 23.12.2021)
Пункт: 9.11"
false,false,,302,69,252,55,Коррозия крепежных элементов,252,СП 28.13330.2017,"Свод правил. Защита строительных конструкций от коррозии. Актуализированная редакция СНиП 2.03.11-85"" (утв. Приказом Минстроя России от 27.02.2017 N 127/пр) (ред. от 08.05.2024)
Пункт: 6.10"
false,false,,303,69,253,55,Скалывание клееной древесины,253,СП 64.13330.2017,"Свод правил. Деревянные конструкции. Актуализированная редакция СНиП II-25-80"" (утв. Приказом Минстроя России от 27.02.2017 N 129/пр) (ред. от 23.12.2021)
Пункт: 9.13"
false,false,,304,69,254,55,Грибковые образования на деревянных конструкциях,254,ГОСТ 2140-81,"Межгосударственный стандарт. Видимые пороки древесины. Классификация, термины и определения, способы измерения"" (введен в действие Постановлением Госстандарта СССР от 30.06.1981 N 3239) (ред. от 28.03.1990)
Приложение 1
Пункт: 6"
false,false,,305,69,255,55,"Нарушение технологии монтажа деревянных конструкций, эксплуатируемых на открытом воздухе",255,СП 64.13330.2017,"Свод правил. Деревянные конструкции. Актуализированная редакция СНиП II-25-80"" (утв. Приказом Минстроя России от 27.02.2017 N 129/пр) (ред. от 23.12.2021)
Пункт: 9.55-9.56"
false,false,,306,69,256,55,"Нарушение устройства примыкания деревянных конструкций к более теплопроводным материалам (кирпич, бетон и т. д.)",256,СП 70.13330.2012,"Свод правил. Несущие и ограждающие конструкции. Актуализированная редакция СНиП 3.03.01-87 (утв. Приказом Госстроя от 25.12.2012 № 109/ГС) (ред. от 30.12.2020)
Пункт: 8.1.6"
false,false,,307,70,257,55,Отклонения фактического положения смонтированных конструкций от проектного,257,СП 70.13330.2012,"Свод правил. Несущие и ограждающие конструкции. Актуализированная редакция СНиП 3.03.01-87"" (утв. Приказом Госстроя от 25.12.2012 N 109/ГС) (ред. от 30.12.2020)
Пункт: 4.12.2"
false,false,,308,70,258,55,Нарушение целостности сварных соединений,258,ГОСТ 23118-2019,"Межгосударственный стандарт. Конструкции стальные строительные. Общие технические условия"" (введен в действие Приказом Росстандарта от 04.08.2020 № 458-ст)
Пункт: 5.5.8"
false,false,,309,70,259,55,Наплывы металла на сварном соединении,259,ГОСТ 23118-2019,"Межгосударственный стандарт. Конструкции стальные строительные. Общие технические условия"" (введен в действие Приказом Росстандарта от 04.08.2020 № 458-ст)
Пункт: 5.5.8"
false,false,,310,70,260,55,Отсутствие полного заполнения сварочных швов,260,ГОСТ 23118-2019,"Межгосударственный стандарт. Конструкции стальные строительные. Общие технические условия"" (введен в действие Приказом Росстандарта от 04.08.2020 № 458-ст)
Пункт: 5.5.8"
false,false,,311,70,261,55,Сквозные прожоги металла ,261,ГОСТ 23118-2019,"Межгосударственный стандарт. Конструкции стальные строительные. Общие технические условия"" (введен в действие Приказом Росстандарта от 04.08.2020 № 458-ст)
Пункт: 5.5.8"
false,false,,312,70,262,55,Наличие окалины на сварочных швах,262,ГОСТ 23118-2019,"Межгосударственный стандарт. Конструкции стальные строительные. Общие технические условия"" (введен в действие Приказом Росстандарта от 04.08.2020 № 458-ст)
Пункт: 5.5.8"
false,false,,313,70,263,55,Подрезы сварочных швов по свариваемым деталям,263,ГОСТ 23118-2019,"Межгосударственный стандарт. Конструкции стальные строительные. Общие технические условия"" (введен в действие Приказом Росстандарта от 04.08.2020 № 458-ст)
Пункт: 5.5.8"
false,false,,314,70,264,55,Отсутствие сварных швов в аналогичных  узлах на разных участках конструкции. ,264,ГОСТ 23118-2019,"Межгосударственный стандарт. Конструкции стальные строительные. Общие технические условия"" (введен в действие Приказом Росстандарта от 04.08.2020 № 458-ст)
Пункт: 5.5.8"
false,false,,315,70,265,55,Отклонение формы и профиля металлокаркаса от номинальных размеров,265,ГОСТ 32931-2015,"Межгосударственный стандарт. Трубы стальные профильные для металлоконструкций. Технические условия"" (введен в действие Приказом Росстандарта от 19.01.2016 № 9-ст):
Приложения А-Д (в зависмости от профиля)"
false,false,,316,70,266,55,Нарушение герметичности примыкания стальных конструкций к смежным конструкциям,266,СП 16.13330.2017,"Свод правил. Стальные конструкции. Актуализированная редакция СНиП II-23-81*"" (утв. Приказом Минстроя России от 27.02.2017 N 126/пр) (ред. от 27.06.2023)"
false,false,,317,70,267,55,"Некачественное окрашивание конструктивных элементов металлокаркаса (отсутсвие окраски, наплывы, шелушение, отслоение, царапины и т. д.)",267,ГОСТ 35094-2024,"Покрытия лакокрасочные. Группы, технические требования и обозначения
Пункт: 5.2"
false,false,,318,70,268,55,Дефект монтажа болтового соединения,268,СП 70.13330.2012,"Свод правил. Несущие и ограждающие конструкции. Актуализированная редакция СНиП 3.03.01-87"" (утв. Приказом Госстроя от 25.12.2012 N 109/ГС) (ред. от 30.12.2020)
Пункт: 4.5.1, 4.23.17"
false,false,,319,70,269,55,Отсутствие/некорректный монтаж соеденительной планки,269,СП 70.13330.2012,"Свод правил. Несущие и ограждающие конструкции. Актуализированная редакция СНиП 3.03.01-87"" (утв. Приказом Госстроя от 25.12.2012 N 109/ГС) (ред. от 30.12.2020)
Пункт: 4.23.18"
false,false,,320,71,270,55,Отклонения фактического положения смонтированных конструкций от проектного,270,СП 70.13330.2012,"Свод правил. Несущие и ограждающие конструкции. Актуализированная редакция СНиП 3.03.01-87"" (утв. Приказом Госстроя от 25.12.2012 N 109/ГС) (ред. от 30.12.2020)
Пункт: 4.12.2"
false,false,,321,71,271,55,Нарушение целостности сварных соединений,271,ГОСТ 23118-2019,"Межгосударственный стандарт. Конструкции стальные строительные. Общие технические условия"" (введен в действие Приказом Росстандарта от 04.08.2020 № 458-ст)
Пункт: 5.5.8"
false,false,,322,71,272,55,Наплывы металла на сварном соединении,272,ГОСТ 23118-2019,"Межгосударственный стандарт. Конструкции стальные строительные. Общие технические условия"" (введен в действие Приказом Росстандарта от 04.08.2020 № 458-ст)
Пункт: 5.5.8"
false,false,,323,71,273,55,Отсутствие полного заполнения сварочных швов,273,ГОСТ 23118-2019,"Межгосударственный стандарт. Конструкции стальные строительные. Общие технические условия"" (введен в действие Приказом Росстандарта от 04.08.2020 № 458-ст)
Пункт: 5.5.8"
false,false,,324,71,274,55,Сквозные прожоги металла ,274,ГОСТ 23118-2019,"Межгосударственный стандарт. Конструкции стальные строительные. Общие технические условия"" (введен в действие Приказом Росстандарта от 04.08.2020 № 458-ст)
Пункт: 5.5.8"
false,false,,325,71,275,55,Наличие окалины на сварочных швах,275,ГОСТ 23118-2019,"Межгосударственный стандарт. Конструкции стальные строительные. Общие технические условия"" (введен в действие Приказом Росстандарта от 04.08.2020 № 458-ст)
Пункт: 5.5.8"
false,false,,326,71,276,55,Подрезы сварочных швов по свариваемым деталям,276,ГОСТ 23118-2019,"Межгосударственный стандарт. Конструкции стальные строительные. Общие технические условия"" (введен в действие Приказом Росстандарта от 04.08.2020 № 458-ст)
Пункт: 5.5.8"
false,false,,327,71,277,55,Отсутствие сварных швов в аналогичных  узлах на разных участках конструкции. ,277,ГОСТ 23118-2019,"Межгосударственный стандарт. Конструкции стальные строительные. Общие технические условия"" (введен в действие Приказом Росстандарта от 04.08.2020 № 458-ст)
Пункт: 5.5.8"
false,false,,328,71,278,55,Нарушение герметичности примыкания стальных конструкций к смежным конструкциям,278,СП 16.13330.2017,"Свод правил. Стальные конструкции. Актуализированная редакция СНиП II-23-81*"" (утв. Приказом Минстроя России от 27.02.2017 N 126/пр) (ред. от 27.06.2023)"
false,false,,329,71,279,55,"Некачественное окрашивание конструктивных элементов металлокаркаса (отсутсвие окраски, наплывы, шелушение, отслоение, царапины и т. д.)",279,ГОСТ 35094-2024,"Покрытия лакокрасочные. Группы, технические требования и обозначения
Пункт: 5.2"
false,false,,330,71,280,55,Дефект монтажа болтового соединения,280,СП 70.13330.2012,"Свод правил. Несущие и ограждающие конструкции. Актуализированная редакция СНиП 3.03.01-87"" (утв. Приказом Госстроя от 25.12.2012 N 109/ГС) (ред. от 30.12.2020)
Пункт: 4.5.1, 4.23.17"
false,false,,331,71,281,55,Отсутствие/некорректный монтаж соеденительной планки,281,СП 70.13330.2012,"Свод правил. Несущие и ограждающие конструкции. Актуализированная редакция СНиП 3.03.01-87"" (утв. Приказом Госстроя от 25.12.2012 N 109/ГС) (ред. от 30.12.2020)
Пункт: 4.23.18"
false,false,,332,72,282,55,Нарушение целостности пароизоляционного слоя,282,СП 64.13330.2017,"Свод правил. Деревянные конструкции. Актуализированная редакция СНиП II-25-80"" (утв. Приказом Минстроя России от 27.02.2017 N 129/пр) (ред. от 23.12.2021)
Пункт: 9.59"
false,false,,333,72,283,55,Нарушение технологии монтажа пароизоляционного слоя,283,СП 17.13330.2017,"Свод правил. Кровли. Актуализированная редакция СНиП II-26-76"" (утв. Приказом Минстроя России от 31.05.2017 N 827/пр) (ред. от 31.05.2022)
Пункт: 5.1.5"
false,false,,334,72,284,55,Нарушение технологии монтажа гидроизоляционного слоя,284,СП 17.13330.2017,"Свод правил. Кровли. Актуализированная редакция СНиП II-26-76"" (утв. Приказом Минстроя России от 31.05.2017 N 827/пр) (ред. от 31.05.2022)
Пункт: 5.1.24"
false,false,,335,72,285,55,Нарушение технологии монтажа изоляционного слоя (диффузионные ветроводозащитные и водозащитные пленки),285,СП 17.13330.2017,"Свод правил. Кровли. Актуализированная редакция СНиП II-26-76"" (утв. Приказом Минстроя России от 31.05.2017 N 827/пр) (ред. от 31.05.2022)
Пункт: 4.4а"
false,false,,336,72,286,55,Вздутие водоизоляционного ковара кровли,286,СП 17.13330.2017,"Свод правил. Кровли. Актуализированная редакция СНиП II-26-76"" (утв. Приказом Минстроя России от 31.05.2017 N 827/пр) (ред. от 31.05.2022)
Пункт: 4.12"
false,false,,337,73,287,56,Отсутствие обрешетки (деревянного основания) под штучнуый материал кровли,287,СП 17.13330.2017,"Свод правил. Кровли. Актуализированная редакция СНиП II-26-76"" (утв. Приказом Минстроя России от 31.05.2017 N 827/пр) (ред. от 31.05.2022)
Пункт: 6.1.1"
false,false,,338,73,288,56,Дефект монтажа креплений штучных материалов кровли,288,СП 17.13330.2017,"Свод правил. Кровли. Актуализированная редакция СНиП II-26-76"" (утв. Приказом Минстроя России от 31.05.2017 N 827/пр) (ред. от 31.05.2022)
Пункт: 6.1.3"
false,false,,339,73,289,56,Дефетк монтажа основания под битумную плоскую черепицу,289,СП 17.13330.2017,"Свод правил. Кровли. Актуализированная редакция СНиП II-26-76"" (утв. Приказом Минстроя России от 31.05.2017 N 827/пр) (ред. от 31.05.2022)
Пункт: 6.2.1"
false,false,,340,73,290,56,Отклонение фактического шага стропил от проектных значений при устройстве кровли из черепицы (допустимые 400-600мм),290,СП 17.13330.2017,"Свод правил. Кровли. Актуализированная редакция СНиП II-26-76"" (утв. Приказом Минстроя России от 31.05.2017 N 827/пр) (ред. от 31.05.2022)
Пункт: 6.2.3"
false,false,,341,73,291,56,Дефет монтажа примыканий плиточных материлов кровли к вертикальным конструкциям ,291,СП 17.13330.2017,"Свод правил. Кровли. Актуализированная редакция СНиП II-26-76"" (утв. Приказом Минстроя России от 31.05.2017 N 827/пр) (ред. от 31.05.2022)
Пункт: 6.3.3"
false,false,,342,73,292,56,Дефет монтажа водоизоляционного ковра при устройстве кровли из крупноформатных плиток,292,СП 17.13330.2017,"Свод правил. Кровли. Актуализированная редакция СНиП II-26-76"" (утв. Приказом Минстроя России от 31.05.2017 N 827/пр) (ред. от 31.05.2022)
Пункт: 6.3.3"
false,false,,343,74,293,56,Дефет монтажа примыканий листового материла кровли к конструкциям кровли,293,СП 17.13330.2017,"Свод правил. Кровли. Актуализированная редакция СНиП II-26-76"" (утв. Приказом Минстроя России от 31.05.2017 N 827/пр) (ред. от 31.05.2022)
Пункт: 6.3.3"
false,false,,344,74,294,56,Нарушение технологии монтажа стыков хризотилцементных листов,294,СП 17.13330.2017,"Свод правил. Кровли. Актуализированная редакция СНиП II-26-76"" (утв. Приказом Минстроя России от 31.05.2017 N 827/пр) (ред. от 31.05.2022)
Пункт: 6.4.2.3"
false,false,,345,74,295,56,Нарушение технологии монтажа основания хризотилцементных листов,295,СП 17.13330.2017,"Свод правил. Кровли. Актуализированная редакция СНиП II-26-76"" (утв. Приказом Минстроя России от 31.05.2017 N 827/пр) (ред. от 31.05.2022)
Пункт: 6.4.2.4"
false,false,,346,74,296,56,Нарушение технологии монтажа стыков стальных листов кровли,296,СП 17.13330.2017,"Свод правил. Кровли. Актуализированная редакция СНиП II-26-76"" (утв. Приказом Минстроя России от 31.05.2017 N 827/пр) (ред. от 31.05.2022)
Пункт: 6.4.4.2"
false,false,,347,74,297,56,Дефет монтажа примыканий стальных листов кровли к прогонами,297,СП 17.13330.2017,"Свод правил. Кровли. Актуализированная редакция СНиП II-26-76"" (утв. Приказом Минстроя России от 31.05.2017 N 827/пр) (ред. от 31.05.2022)
Пункт: 6.4.4.4"
false,false,,348,74,298,56,Дефет монтажа примыканий листового материла кровли к стенам или коноковым и карнизным свесам,298,СП 17.13330.2017,"Свод правил. Кровли. Актуализированная редакция СНиП II-26-76"" (утв. Приказом Минстроя России от 31.05.2017 N 827/пр) (ред. от 31.05.2022)
Пункт: 6.4.4.5"
false,false,,349,74,299,56,"Отсутствие дополнительных необходимых деталей кровли (уплотнителем конька, заглушкой, снеговым барьером и др.)",299,СП 17.13330.2017,"Свод правил. Кровли. Актуализированная редакция СНиП II-26-76"" (утв. Приказом Минстроя России от 31.05.2017 N 827/пр) (ред. от 31.05.2022)
Пункт: 6.4.4.7"
false,false,,350,74,300,56,"Дефект устройства нахлеста вокруг возведенных над/в конструкции кровли конструкциях  (желоба (в ендовах), вокруг дымоходов, мансардных окон и т. д.)",300,СП 17.13330.2017,"Свод правил. Кровли. Актуализированная редакция СНиП II-26-76"" (утв. Приказом Минстроя России от 31.05.2017 N 827/пр) (ред. от 31.05.2022)
Пункт: 6.4.4.9"
false,false,,351,74,301,56,Дефект монтажа комплектующих изделий для выполнения примыканий кровли из металлических листовых материалов к выступающим над нею конструкциям,301,СП 17.13330.2017,"Свод правил. Кровли. Актуализированная редакция СНиП II-26-76"" (утв. Приказом Минстроя России от 31.05.2017 N 827/пр) (ред. от 31.05.2022)
Пункт: 7.2"
false,false,,369,2,352,5,Отслоение плитки,352,Залив,Залив
false,false,15,353,2,352,4,Отслоение плитки,352,Залив,Залив
false,false,,352,2,352,4,"Вымывание межплиточных швов, потемнение, загрязнение межплиточных швов",352,Залив,Залив
false,false,6,354,2,352,4,Трещины/сколы на плитке,352,Залив,Залив
false,false,,355,1,352,4,"Коробление, вздутие, приподнятые кромки",352,Залив,Залив
false,false,,356,1,352,4,"Зазоры в стыках между напольным покрытием, расхождение стыков",352,Залив,Залив
false,false,,357,102,352,4,"Зазоры в стыках между напольным покрытием, расхождение стыков",352,Залив,Залив
false,false,,358,102,352,4,"Коробление, вздутие, приподнятые кромки",352,Залив,Залив
false,false,,359,12,352,102,"Деформация, отслоение",352,Залив,Залив
false,false,,360,10,352,102,"Вздутие, деформация",352,Залив,Залив
false,false,,361,10,352,102,Отслоение,352,Залив,Залив
false,false,,362,10,352,102,Трещины,352,Залив,Залив
false,false,,363,103,352,102,"Вздутие, деформация",352,Залив,Залив
false,false,,364,103,352,102,Отслоение,352,Залив,Залив
false,false,,365,103,352,102,Трещины,352,Залив,Залив
false,false,,366,6,352,5,Отслоение обойного полотна ,352,Залив,Залив
false,false,,367,6,352,5,"Подтеки, пятна желтого/коричневого/темного цвета",352,Залив,Залив
false,false,,368,2,352,5,"Вымывание межплиточных швов, потемнение, загрязнение межплиточных швов",352,Залив,Залив
false,false,,370,2,352,5,Трещины/сколы на плитке,352,Залив,Залив
false,false,,402,5,352,5,"Подтеки, пятна желтого/коричневого/темного цвета",352,Залив,Залив
false,false,,452,5,352,5,"Растрескивание, отслоение окрасочного слоя",352,Залив,Залив
false,false,,453,5,352,5,Отслоение штукатурно-окрасочного слоя,352,Залив,Залив
false,false,,454,5,352,5,Трещины,352,Залив,Залив
false,false,,403,152,352,5,"Подтеки, пятна желтого/коричневого/темного цвета",352,Залив,Залив
false,false,,404,152,352,4,"Растрескивание, отслоение окрасочного слоя",352,Залив,Залив
false,false,,405,152,352,5,Отслоение штукатурно-окрасочного слоя,352,Залив,Залив
false,false,,406,152,352,5,Трещины,352,Залив,Залив
false,false,,371,104,352,5,"Подтеки, пятна желтого/коричневого/темного цвета",352,Залив,Залив
false,false,,372,104,352,5,"Растрескивание, отслоение слоя декоративной штукатурки",352,Залив,Залив
false,false,,373,104,352,5,Трещины,352,Залив,Залив
false,false,,374,105,352,5,"Деформация, отслоение",352,Залив,Залив
false,false,,375,105,352,5,"Потемнение панелей, пятна, подтеки",352,Залив,Залив
false,false,,376,7,352,6,"Деформация, провисание, растяжение",352,Залив,Залив
false,false,,377,7,352,6,Разрыв натяжного полотна,352,Залив,Залив
false,false,,378,7,352,6,Отслоение декоративного молдинга натяжного потолка,352,Залив,Залив
false,false,,379,7,352,6,"Подтеки, пятна желтого/темного цвета",352,Залив,Залив
false,false,,380,5,352,6,"Подтеки, пятна желтого/коричневого/темного цвета",352,Залив,Залив
false,false,,381,5,352,6,"Растрескивание, отслоение окрасочного слоя",352,Залив,Залив
false,false,,382,5,352,6,Отслоение штукатурно-окрасочного слоя,352,Залив,Залив
false,false,,383,5,352,6,Трещины,352,Залив,Залив
false,false,,407,202,352,6,"Подтеки, пятна желтого/коричневого/темного цвета",352,Залив,Залив
false,false,,408,202,352,6,"Растрескивание, отслоение окрасочного слоя",352,Залив,Залив
false,false,,409,202,352,6,Разрушение ГКЛ потолка,352,Залив,Залив
false,false,,410,203,352,6,"Подтеки, пятна желтого/коричневого/темного цвета",352,Залив,Залив
false,false,,411,203,352,6,"Деформация панелей, зазоры между панелями/между стыком панелей и стен",352,Залив,Залив
false,false,,412,105,352,6,"Подтеки, пятна желтого/коричневого/темного цвета",352,Залив,Залив
false,false,,413,105,352,6,"Деформация панелей, зазоры между панелями/между стыком панелей и стен",352,Залив,Залив
false,false,,414,205,352,6,"Подтеки, пятна желтого/коричневого/темного цвета",352,Залив,Залив
false,false,,415,205,352,6,Отслоение потолочных плит,352,Залив,Залив
false,false,,416,6,352,6,Отслоение обойного полотна,352,Залив,Залив
false,false,,417,6,352,6,"Подтеки, пятна желтого/коричневого/темного цвета",352,Залив,Залив
false,false,,418,106,352,6,"Подтеки, пятна желтого/коричневого/темного цвета",352,Залив,Залив
false,false,,419,106,352,6,Отслоение,352,Залив,Залив
false,false,,420,106,352,6,Трещины,352,Залив,Залив
false,false,,421,3,352,6,Отслоение,352,Залив,Залив
false,false,,422,3,352,6,"Подтеки, пятна желтого/коричневого/темного цвета",352,Залив,Залив
false,false,,423,10,352,7,"Деформация, пятна, подтеки",352,Залив,Залив
false,false,,424,3,352,7,"Деформация, пятна, подтеки",352,Залив,Залив
false,false,,425,104,352,154,Пятна желтого/коричневого/темного цвета,352,Залив,Залив
false,false,,426,104,352,154,"Растрескивание, отслоение окрасочного слоя",352,Залив,Залив
false,false,,427,104,352,154,Отслоение штукатурно-окрасочного слоя,352,Залив,Залив
false,false,,428,12,352,154,"Деформация, отслоение",352,Залив,Залив
false,false,,429,12,352,154,Пятна желтого/темного цвета,352,Залив,Залив
false,false,,432,,352,1,Отслоение ламинированного покрытия,352,Залив,Залив
false,false,,433,,352,2,Отслоение ламинированного покрытия,352,Залив,Залив
false,false,,434,,352,1,Отслоение наличников,352,Залив,Залив
false,false,,435,,352,2,Отслоение наличников,352,Залив,Залив
false,false,,503,,352,1,"Вздутие, разбухание элементов",352,Залив,Залив
false,false,,502,10,352,2,"Вздутие, разбухание элементов",352,Залив,Залив
